"№ ВД","OBO","Назва регіону України","Місцезнаходження та адреса приміщення для голосування","1) К-сть одержаних бюлетенів","2) К-сть невикористаних бюлетенів","3) К-сть виборців, внесених до списку виборців","4) К-сть виборців, внесених до витягу зі списку виборців","5) К-сть виборців, які отримали бюлетені у приміщенні","6) К-сть виборців, які отримали за місцем перебування","7) Сумарна к-сть виборців, які отримали бюлетені","8) К-сть бюлетенів, що виявилися у кожній скринці","9) К-сть бюлетенів, що не підлягають врахуванню","10) К-сть виборців, які взяли участь у голос. у приміщенні для гол.","11) К-сть виборців, які взяли участь у голос. за місцем перебування","12) К-сть виборців, які взяли участь у голосуванні на виборчій дільниці","13) К-сть бюлетенів, визнаних недійсними","14) Сумарна к-сть голосів виборців ЗА","Богатирьов
Іван
Григорович","Бойправ
Борис
Степанович","Голиця
Михайло
Миколайович","Данько
Григорій
Володимирович","Дзюбан
Юрій
Володимирович","Дмитренко
Світлана
Олександрівна","Ляшко
Олег
Валерійович","Михно
Сергій
Анатолійович","Неволько
Вячеслав
Анатолійович","Паньков
Олександр
Юрійович","Пухкал
Олександр
Григорович","Секела
Руслан
Михайлович","Ходос
Людмила
Вікторівна","Дата підписання протоколу"
"740001","208","Чернігівська область","автомобільна школа ТСОУ, фойє
вул.Конотопська, 62, м.Бахмач, Бахмацький р-н, Чернігівська обл., 16500","2208","998","2169","30","1184","26","1210","","0","1184","26","1210","41","1169","9","3","217","110","5","3","599","16","191","1","11","1","3","29.10.12"
"740002","208","Чернігівська область","районна лікарня ветмедицини, актова зала
вул.Фурманова, 21, м.Бахмач, Бахмацький р-н, Чернігівська обл., 16500","1100","504","1094","8","588","8","596","","0","588","8","596","19","577","3","0","130","37","1","3","311","9","74","2","5","1","1","29.10.12"
"740003","208","Чернігівська область","СТОВ ""Надія"", актова зала
вул.Богунцева, 1, м.Бахмач, Бахмацький р-н, Чернігівська обл., 16500","940","413","918","41","491","36","527","","0","491","36","527","21","506","1","3","137","58","1","3","209","10","79","0","3","1","1","29.10.12"
"740004","208","Чернігівська область","будинок культури, фойє
вул.Жовтнева, 59, м.Бахмач, Бахмацький р-н, Чернігівська обл., 16500","2068","888","2051","12","1168","12","1180","","0","1168","12","1180","37","1143","5","6","234","152","4","6","498","14","213","0","5","2","4","29.10.12"
"740005","208","Чернігівська область","будинок дитячої та юнацької творчості, фойє
вул.Жовтнева, 96, м.Бахмач, Бахмацький р-н, Чернігівська обл., 16500","2256","1010","2212","13","1237","9","1246","","0","1237","9","1246","43","1203","6","7","263","175","8","5","522","26","159","7","14","5","6","29.10.12"
"740006","208","Чернігівська область","хлібна база №87, зала засідань
вул.Східна, 13, м.Бахмач, Бахмацький р-н, Чернігівська обл., 16500","424","208","418","2","214","2","216","","0","214","2","216","6","210","1","2","32","33","0","1","117","6","15","0","3","0","0","30.10.12"
"740007","208","Чернігівська область","школа №5, фойє
вул.Пушкіна, 3, м.Бахмач, Бахмацький р-н, Чернігівська обл., 16500","1448","673","1427","17","760","15","775","","0","760","15","775","37","738","2","7","118","107","4","4","360","10","114","1","7","0","4","28.10.12"
"740008","208","Чернігівська область","КВП ""Комунальник"", актовий зал
вул.Південна, 48, м.Бахмач, Бахмацький р-н, Чернігівська обл., 16500","1164","522","1144","38","612","30","642","","0","612","30","642","19","623","0","0","127","87","0","2","275","14","110","0","3","3","2","28.10.12"
"740009","208","Чернігівська область","школа №4, фойє
вул.Б.Хмельницького, 11, м.Бахмач, Бахмацький р-н, Чернігівська обл., 16500","1436","621","1438","23","797","18","815","","0","797","18","815","29","786","2","3","185","108","4","3","341","17","104","1","14","3","1","29.10.12"
"740010","208","Чернігівська область","школа №1, фойє
вул.Я.Мудрого, 4, м.Бахмач, Бахмацький р-н, Чернігівська обл., 16500","2480","1020","2430","22","1443","17","1460","","0","1443","17","1460","30","1430","10","9","299","193","6","8","637","28","214","5","12","6","3","29.10.12"
"740011","208","Чернігівська область","школа, фойє
вул.ім.В.Ющенка, 47, м.Батурин, Бахмацький р-н, Чернігівська обл., 16512","1108","438","1107","44","627","43","670","","0","627","43","670","17","653","2","1","127","54","0","5","385","12","45","0","14","2","6","29.10.12"
"740012","208","Чернігівська область","будинок культури, фойє
вул.Партизанська, 14, м.Батурин, Бахмацький р-н, Чернігівська обл., 16512","964","436","947","48","491","37","528","","0","491","37","528","18","510","2","3","115","37","1","2","308","9","24","0","8","1","0","29.10.12"
"740013","208","Чернігівська область","будинок культури, фойє
вул.Незалежності, 16, смт Дмитрівка, Бахмацький р-н, Чернігівська обл., 16572","984","376","975","68","541","67","608","","0","541","67","608","21","587","4","0","88","8","7","3","419","9","42","2","2","2","1","28.10.12"
"740014","208","Чернігівська область","школа, фойє
вул.Незалежності, 21, смт Дмитрівка, Бахмацький р-н, Чернігівська обл., 16572","756","300","742","58","405","51","456","","0","405","51","456","23","433","5","1","39","10","5","2","282","16","70","0","0","0","3","28.10.12"
"740015","208","Чернігівська область","сільський клуб, фойє
вул.Центральна, 62А, с.Щуча Гребля, Бахмацький р-н, Чернігівська обл., 16572","176","58","175","24","94","24","118","","0","94","24","118","3","115","0","2","29","4","3","0","62","6","7","0","0","0","2","28.10.12"
"740016","208","Чернігівська область","сільська рада, зала засідань
вул.Лесі Українки, 6Б, с.Бахмач, Бахмацький р-н, Чернігівська обл., 16506","900","358","892","55","494","48","542","","0","494","48","542","9","533","1","1","121","62","2","0","291","6","44","0","3","0","2","28.10.12"
"740017","208","Чернігівська область","СТОВ ""Прогрес"", зала засідань
вул.Південна, 18, с.Бахмач, Бахмацький р-н, Чернігівська обл., 16506","444","167","448","30","253","24","277","","0","253","24","277","11","266","1","2","68","27","0","0","121","2","42","0","1","0","2","30.10.12"
"740018","208","Чернігівська область","школа, фойє
вул.Грушевського, 1, с.Бахмач, Бахмацький р-н, Чернігівська обл., 16506","752","247","749","44","465","40","505","","0","465","40","505","18","487","2","3","129","29","0","0","282","4","30","0","4","1","3","29.10.12"
"740019","208","Чернігівська область","сільський клуб, фойє
вул.Центральна, 44, с.Біловежі Перші, Бахмацький р-н, Чернігівська обл., 16551","232","55","229","25","153","24","177","","0","153","24","177","3","174","1","2","65","18","0","1","70","2","12","0","2","0","1","29.10.12"
"740020","208","Чернігівська область","ПСП ""Зеленівське"", зала засідань
вул.Центральна, контора ПСП ""Зеленівське"", с.Зеленівка, Бахмацький р-н, Чернігівська обл., 16551","312","107","296","34","182","23","205","","0","182","23","205","5","200","0","0","86","15","0","1","82","8","6","1","1","0","0","28.10.12"
"740021","208","Чернігівська область","будинок культури, фойє
вул.Хітєєва, 6, с.Гайворон, Бахмацький р-н, Чернігівська обл., 16563","548","192","538","70","299","57","356","","0","299","57","356","15","341","0","0","112","14","5","2","176","2","23","2","3","1","1","29.10.12"
"740022","208","Чернігівська область","сільська рада, зала засідань
вул.Незалежності, 57, с.Голінка, Бахмацький р-н, Чернігівська обл., 16562","564","168","557","43","360","36","396","","0","360","36","396","23","373","2","3","111","23","3","2","168","6","49","0","3","0","3","29.10.12"
"740023","208","Чернігівська область","сільська рада, зала засідань
вул.Шевченка, 1А, с.Городище, Бахмацький р-н, Чернігівська обл., 16520","712","233","696","73","413","66","479","","0","413","66","479","21","458","1","1","93","22","6","1","289","7","33","0","5","0","0","29.10.12"
"740024","208","Чернігівська область","сільський клуб, фойє
вул.Кримського, 1А, с.Часниківка, Бахмацький р-н, Чернігівська обл., 16520","216","59","217","16","141","16","157","","0","141","16","157","7","150","0","1","46","18","0","0","75","5","4","0","0","1","0","28.10.12"
"740025","208","Чернігівська область","будинок культури, фойє
вул.Спортивна, 27, с.Григорівка, Бахмацький р-н, Чернігівська обл., 16561","844","259","829","85","506","79","585","","0","506","79","585","19","566","1","2","244","14","2","1","219","8","64","1","4","1","5","30.10.12"
"740026","208","Чернігівська область","сільський клуб, глядацька зала
вул.Весела, 80, с-ще Веселе, Бахмацький р-н, Чернігівська обл., 16561","216","41","213","22","154","21","175","","0","154","21","175","11","164","1","0","52","2","0","0","92","7","9","0","0","1","0","28.10.12"
"740027","208","Чернігівська область","школа, фойє
вул.Центральна, 2, с.Кропивне, Бахмацький р-н, Чернігівська обл., 16574","488","186","479","32","271","31","302","","0","271","31","302","9","293","1","0","52","14","4","2","191","2","24","0","1","0","2","28.10.12"
"740028","208","Чернігівська область","будинок культури, фойє
вул.Міщенка, 1, с.Красне, Бахмацький р-н, Чернігівська обл., 16531","832","287","820","145","446","99","545","","0","446","99","545","22","523","13","0","65","9","2","2","374","14","27","1","9","2","5","28.10.12"
"740029","208","Чернігівська область","будинок культури, фойє
вул.Перемоги, 6, с.Красилівка, Бахмацький р-н, Чернігівська обл., 16541","756","284","742","78","407","65","472","","0","407","65","472","17","455","1","2","133","18","0","0","237","8","50","1","1","0","4","28.10.12"
"740030","208","Чернігівська область","будинок культури №1, фойє
вул.Радянська, 45, с.Курінь, Бахмацький р-н, Чернігівська обл., 16544","968","385","945","100","494","89","583","","0","494","89","583","16","567","3","2","138","42","2","9","298","6","61","1","5","0","0","29.10.12"
"740031","208","Чернігівська область","школа, актова зала, 2-й поверх
вул.8-го Березня, 12, с.Курінь, Бахмацький р-н, Чернігівська обл., 16544","1128","428","1109","93","613","87","700","","0","613","87","700","35","665","4","1","167","25","4","2","352","8","92","0","7","1","2","29.10.12"
"740032","208","Чернігівська область","будинок культури №2, фойє
вул.Орджонікідзе, 10, с.Курінь, Бахмацький р-н, Чернігівська обл., 16544","856","372","843","97","397","87","484","","0","397","87","484","10","474","2","2","118","31","0","2","243","3","69","2","1","0","1","28.10.12"
"740033","208","Чернігівська область","сільська рада, зала засідань
вул.Центральна, 34, с.Матіївка, Бахмацький р-н, Чернігівська обл., 16514","336","98","332","39","204","34","238","","0","204","34","238","4","234","0","0","28","6","0","1","183","5","9","1","1","0","0","29.10.12"
"740034","208","Чернігівська область","сільська рада, зала засідань
вул.Клубна, 10, с.Митченки, Бахмацький р-н, Чернігівська обл., 16530","772","263","760","109","420","89","509","","0","420","89","509","18","491","2","2","117","15","2","2","299","10","31","3","7","1","0","29.10.12"
"740035","208","Чернігівська область","сільський клуб, фойє
вул.Лесі Українки, 78, с.Обмачів, Бахмацький р-н, Чернігівська обл., 16510","716","225","713","65","429","62","491","","0","429","62","491","29","462","3","3","101","12","2","2","301","8","18","3","8","1","0","29.10.12"
"740036","208","Чернігівська область","клуб-бібліотека, глядацька зала
вул.Пушкіна, 14, с.Осіч, Бахмацький р-н, Чернігівська обл., 16510","180","53","175","9","121","6","127","","0","121","6","127","2","125","1","0","22","0","0","0","98","2","0","0","0","0","2","28.10.12"
"740037","208","Чернігівська область","дитячий садок, спортивна зала
вул.Шкільна, 1, с.Пальчики, Бахмацький р-н, Чернігівська обл., 16522","420","105","411","17","301","14","315","","0","301","14","315","10","305","0","1","54","14","1","2","208","5","9","0","11","0","0","28.10.12"
"740038","208","Чернігівська область","сільський будинок культури, глядацька зала
вул.Центральна, 3, с.Піски, Бахмацький р-н, Чернігівська обл., 16542","648","178","644","76","395","75","470","","0","395","75","470","18","452","0","0","173","14","1","1","209","4","43","2","1","1","3","29.10.12"
"740039","208","Чернігівська область","клуб-бібліотека, глядацька зала
вул.Привокзальна, 3, с.Варварівка, Бахмацький р-н, Чернігівська обл., 16542","284","79","282","23","182","23","205","","0","182","23","205","17","188","2","2","34","10","1","0","108","3","20","3","5","0","0","29.10.12"
"740040","208","Чернігівська область","сільська рада, зала засідань
вул.Дубини, 39, с.Рубанка, Бахмацький р-н, Чернігівська обл., 16570","456","148","459","63","252","56","308","","0","252","56","308","7","301","0","0","40","15","1","0","224","4","13","0","2","0","2","29.10.12"
"740041","208","Чернігівська область","клуб-бібліотека, фойє
вул.Радянська, 14, с.Терешиха, Бахмацький р-н, Чернігівська обл., 16570","248","69","245","42","138","41","179","","0","138","41","179","8","171","1","1","52","6","0","0","98","2","6","0","2","1","2","28.10.12"
"740042","208","Чернігівська область","школа, спортивна зала
вул.Шкільна, 10, с.Стрільники, Бахмацький р-н, Чернігівська обл., 16540","724","219","720","68","441","64","505","","0","441","64","505","14","491","2","3","84","15","1","2","295","9","72","3","2","2","1","29.10.12"
"740043","208","Чернігівська область","сільська рада, зала засідань
вул.Центральна, 3, с.Тиниця, Бахмацький р-н, Чернігівська обл., 16560","1368","591","1341","117","715","62","777","","0","715","62","777","20","757","3","2","296","21","3","3","306","19","97","2","3","1","1","28.10.12"
"740044","208","Чернігівська область","сільський клуб, глядацька зала
вул.Центральна, 45, с.Фастівці, Бахмацький р-н, Чернігівська обл., 16550","760","257","758","113","397","106","503","","0","397","106","503","14","489","2","1","89","16","0","1","341","5","28","1","4","0","1","29.10.12"
"740045","208","Чернігівська область","школа, фойє
вул.В.М.Сіденка, 33, с.Халимонове, Бахмацький р-н, Чернігівська обл., 16532","1020","448","1006","106","502","70","572","","0","502","70","572","23","549","26","4","164","48","3","1","223","19","49","5","3","3","1","28.10.12"
"740046","208","Чернігівська область","Бахмацька центральна районна лікарня, фойє
вул.Жовтнева, 66, м.Бахмач, Бахмацький р-н, Чернігівська обл., 16500","296","235","68","31","34","27","61","","0","34","27","61","2","59","1","0","13","7","0","0","29","1","4","0","3","0","1","28.10.12"
"740089","208","Чернігівська область","районний будинок культури, фойє
вул.Пантелеймона Куліша, 105, м.Борзна, Борзнянський р-н, Чернігівська обл., 16400","2300","843","2281","70","1401","56","1457","","0","1401","56","1457","32","1425","1","2","498","4","0","11","778","22","87","5","9","1","7","29.10.12"
"740090","208","Чернігівська область","школа, фойє
вул.Богдана Хмельницького, 3, м.Борзна, Борзнянський р-н, Чернігівська обл., 16400","1840","681","1829","47","1123","36","1159","","0","1123","36","1159","27","1132","0","2","431","13","3","13","542","25","81","1","11","6","4","29.10.12"
"740091","208","Чернігівська область","райавтодор, зала засідань
вул.Котовського, 8, м.Борзна, Борзнянський р-н, Чернігівська обл., 16400","1764","725","1741","70","985","54","1039","","0","985","54","1039","27","1012","2","2","361","7","3","2","511","20","83","4","10","3","4","29.10.12"
"740092","208","Чернігівська область","контора СТОВ ""Авангард"", зала засідань
вул.Христини Алчевської, 40, м.Борзна, Борзнянський р-н, Чернігівська обл., 16400","1540","600","1527","41","914","26","940","","0","914","26","940","28","912","2","5","308","11","2","7","487","11","72","0","5","0","2","28.10.12"
"740093","208","Чернігівська область","школа №3, актова зала
вул.Київська, 48, м.Борзна, Борзнянський р-н, Чернігівська обл., 16400","1704","617","1699","74","1025","62","1087","","0","1025","62","1087","22","1065","4","7","349","5","3","5","585","22","77","0","6","0","2","29.10.12"
"740094","208","Чернігівська область","сільський клуб, глядацька зала
вул.Шевченка, 20, с.Забілівщина, Борзнянський р-н, Чернігівська обл., 16405","404","122","401","39","243","39","282","","0","243","39","282","6","276","1","1","79","0","0","0","181","3","7","0","0","0","4","28.10.12"
"740095","208","Чернігівська область","школа, фойє
вул.Комарова, 1А, с.Кинашівка, Борзнянський р-н, Чернігівська обл., 16406","964","340","981","35","590","34","624","","0","590","34","624","13","611","0","0","174","6","0","4","394","3","26","0","1","2","1","28.10.12"
"740096","208","Чернігівська область","сільська рада, зала засідань
вул.Червоний шлях, 41, с.Берестовець, Борзнянський р-н, Чернігівська обл., 16440","708","219","702","68","436","53","489","","0","436","53","489","25","464","1","1","94","1","1","3","335","6","12","0","6","1","3","28.10.12"
"740097","208","Чернігівська область","сільський клуб, глядацька зала
вул.Леніна, 1А, с.Велика Доч, Борзнянський р-н, Чернігівська обл., 16431","596","201","586","39","361","34","395","","0","361","34","395","11","384","1","1","171","7","2","8","168","9","12","1","4","0","0","28.10.12"
"740098","208","Чернігівська область","будинок культури, фойє
вул.Центральна, 23А, с.Велика Загорівка, Борзнянський р-н, Чернігівська обл., 16450","996","296","990","115","609","91","700","","0","609","91","700","27","673","1","3","231","12","1","2","380","7","27","0","7","1","1","28.10.12"
"740099","208","Чернігівська область","будинок культури, глядацька зала
вул.Леніна, 71, с.Високе, Борзнянський р-н, Чернігівська обл., 16412","1020","340","1006","65","621","59","680","","0","621","59","680","20","660","2","4","140","4","1","3","463","10","23","1","5","0","4","28.10.12"
"740100","208","Чернігівська область","будинок культури, глядацька зала
вул.Щорса, 35/1, с.Галайбине, Борзнянський р-н, Чернігівська обл., 16411","348","77","341","45","228","43","271","","0","228","43","271","4","267","2","0","91","0","0","1","153","7","9","1","2","1","0","28.10.12"
"740101","208","Чернігівська область","сільський клуб, глядацька зала
вул.Жовтнева, 39, с.Маличина Гребля, Борзнянський р-н, Чернігівська обл., 16412","164","45","162","25","98","21","119","","0","98","21","119","3","116","0","0","34","1","0","1","63","4","10","0","1","1","1","28.10.12"
"740102","208","Чернігівська область","школа, спортивна зала
вул.Червоноармійська, 2, с.Головеньки, Борзнянський р-н, Чернігівська обл., 16413","748","251","740","51","450","47","497","","0","450","47","497","15","482","2","1","121","3","0","0","313","9","26","0","6","0","1","28.10.12"
"740103","208","Чернігівська область","бригадна контора СТОВ ""Головеньківське - плюс"", зала засідань
вул.Піонерська, 11, с.Паристівка, Борзнянський р-н, Чернігівська обл., 16413","108","12","106","19","77","19","96","","0","77","19","96","0","96","0","0","45","0","0","1","45","1","4","0","0","0","0","28.10.12"
"740104","208","Чернігівська область","будинок культури, фойє
вул.Леніна, 1, с.Комарівка, Борзнянський р-н, Чернігівська обл., 16442","1128","429","1116","108","614","85","699","","0","614","85","699","14","685","1","0","165","6","1","4","468","10","23","0","4","1","2","29.10.12"
"740105","208","Чернігівська область","будинок культури, фойє
вул.Радянська, 5, с.Красносільське, Борзнянський р-н, Чернігівська обл., 16443","580","175","563","39","376","29","405","","0","376","29","405","17","388","0","0","113","1","0","6","252","2","10","0","2","1","1","28.10.12"
"740106","208","Чернігівська область","будинок культури, глядацька зала
вул.Першотравнева, 68/1, с.Мала Загорівка, Борзнянський р-н, Чернігівська обл., 16451","448","110","447","78","270","68","338","","0","270","68","338","10","328","1","2","104","0","2","1","195","4","3","1","13","0","2","29.10.12"
"740107","208","Чернігівська область","школа, фойє
вул.Набережна, 1, с.Миколаївка, Борзнянський р-н, Чернігівська обл., 16432","500","165","487","48","289","46","335","","0","289","46","335","9","326","0","0","74","0","1","0","226","4","19","0","0","0","2","28.10.12"
"740108","208","Чернігівська область","будинок культури, дискотечна зала
вул.Перемоги, 3, с.Іванівка, Борзнянський р-н, Чернігівська обл., 16433","544","169","532","23","353","22","375","","0","353","22","375","12","363","0","1","75","1","1","1","248","7","22","1","3","1","2","29.10.12"
"740109","208","Чернігівська область","будинок культури, фойє
вул.Ярцева, 36, с.Нові Млини, Борзнянський р-н, Чернігівська обл., 16410","620","165","606","58","403","52","455","","0","403","52","455","13","442","1","2","154","1","2","1","209","3","60","3","4","0","2","28.10.12"
"740110","208","Чернігівська область","будинок культури, фойє
вул.Шевченка, 4, с.Кербутівка, Борзнянський р-н, Чернігівська обл., 16410","256","49","251","39","172","35","207","","0","172","35","207","6","201","1","0","83","0","0","0","103","1","13","0","0","0","0","28.10.12"
"740111","208","Чернігівська область","сільська рада, зала засідань
вул.Леніна, 5А, с.Носелівка, Борзнянський р-н, Чернігівська обл., 16415","540","138","530","76","332","70","402","","0","332","70","402","13","389","0","1","102","6","0","0","267","3","6","1","2","1","0","28.10.12"
"740112","208","Чернігівська область","школа, фойє
вул.Шевченка, 93, с.Оленівка, Борзнянський р-н, Чернігівська обл., 16441","904","336","894","75","511","57","568","","0","511","57","568","24","544","1","0","110","18","1","7","377","5","18","0","7","0","0","30.10.12"
"740113","208","Чернігівська область","будинок культури, фойє
вул.Калініна, 4, с.Омбиш, Борзнянський р-н, Чернігівська обл., 16463","428","139","422","53","251","38","289","","0","251","38","289","5","284","0","1","51","0","1","0","204","3","19","2","3","0","0","28.10.12"
"740114","208","Чернігівська область","будинок культури, глядацька зала
вул.Леніна, 35, с.Петрівка, Борзнянський р-н, Чернігівська обл., 16464","336","98","332","22","219","19","238","","0","219","19","238","13","225","2","0","104","2","1","1","104","5","5","0","0","0","1","28.10.12"
"740115","208","Чернігівська область","сільський клуб, глядацька зала
вул.Паризької Комуни, 26, с.Печі, Борзнянський р-н, Чернігівська обл., 16462","316","97","310","49","174","45","219","","0","174","45","219","12","207","1","2","63","0","0","4","111","0","13","0","0","0","13","28.10.12"
"740116","208","Чернігівська область","сільський клуб, глядацька зала
вул.Горького, 2, с.Пам’ятне, Борзнянський р-н, Чернігівська обл., 16461","276","75","271","9","192","9","201","","0","192","9","201","8","193","0","0","79","0","1","1","89","5","12","0","3","2","1","29.10.12"
"740117","208","Чернігівська область","будинок культури, фойє
вул.Робітнича, 1, с.Плиски, Борзнянський р-н, Чернігівська обл., 16453","900","303","892","121","528","69","597","","0","528","69","597","12","585","2","3","422","1","0","3","129","2","17","2","2","2","0","29.10.12"
"740118","208","Чернігівська область","будинок культури, фойє
вул.Леніна, 52, с.Прачі, Борзнянський р-н, Чернігівська обл., 16426","416","116","403","38","264","36","300","","0","264","36","300","6","294","0","2","82","2","2","2","177","15","11","0","1","0","0","28.10.12"
"740119","208","Чернігівська область","сільський клуб, глядацька зала
вул.Шевченка, 33, с.Адамівка, Борзнянський р-н, Чернігівська обл., 16426","160","40","153","21","99","21","120","","0","99","21","120","3","117","0","0","26","1","0","2","75","4","5","0","4","0","0","28.10.12"
"740120","208","Чернігівська область","школа, фойє
вул.Шевченка, 96, с.Прохори, Борзнянський р-н, Чернігівська обл., 16445","512","169","504","33","314","29","343","","0","314","29","343","7","336","0","1","102","0","2","1","210","11","6","0","1","1","1","29.10.12"
"740121","208","Чернігівська область","бригадна контора СТОВ ""Прохорське"", зала засідань
вул.Леніна, 23, с.Шевченка, Борзнянський р-н, Чернігівська обл., 16446","84","22","83","20","44","18","62","","0","44","18","62","3","59","0","0","12","0","0","2","41","1","3","0","0","0","0","29.10.12"
"740122","208","Чернігівська область","школа, спортивна зала
вул.Леніна, 26, с.Сиволож, Борзнянський р-н, Чернігівська обл., 16452","620","190","616","42","393","37","430","","0","393","37","430","17","413","1","1","142","1","6","2","238","5","12","0","4","0","1","29.10.12"
"740123","208","Чернігівська область","сільська рада, зала засідань
вул.Леніна, 83, с.Смоляж, Борзнянський р-н, Чернігівська обл., 16444","216","47","217","32","142","27","169","","0","142","27","169","9","160","0","1","37","0","0","1","108","6","6","0","1","0","0","28.10.12"
"740124","208","Чернігівська область","сільський клуб, глядацька зала
вул.Леніна, 48, с.Степанівка, Борзнянський р-н, Чернігівська обл., 16421","348","74","344","23","251","23","274","","0","251","23","274","9","265","0","1","77","0","1","9","157","1","14","0","3","1","1","28.10.12"
"740125","208","Чернігівська область","школа, актова зала
вул.Леніна, 36, с.Воловиця, Борзнянський р-н, Чернігівська обл., 16420","272","69","267","21","182","21","203","","0","182","21","203","4","199","1","0","56","0","0","0","120","1","16","1","0","0","4","28.10.12"
"740126","208","Чернігівська область","школа, фойє
вул.Гагаріна, 1, с.Тростянка, Борзнянський р-н, Чернігівська обл., 16414","364","96","360","33","239","29","268","","0","239","29","268","15","253","2","2","66","0","0","0","124","8","47","1","1","1","1","28.10.12"
"740127","208","Чернігівська область","будинок культури, глядацька зала
вул.Лесі Українки, 50, с.Ховми, Борзнянський р-н, Чернігівська обл., 16422","420","85","422","37","300","35","335","","0","300","35","335","5","330","0","0","157","2","0","1","150","5","8","0","5","0","2","29.10.12"
"740128","208","Чернігівська область","сільський клуб, глядацька зала
вул.Шевченка, 6, с.Сидорівка, Борзнянський р-н, Чернігівська обл., 16423","316","58","305","34","226","32","258","","0","226","32","258","12","246","0","1","76","2","0","3","129","9","15","0","10","1","0","30.10.12"
"740129","208","Чернігівська область","школа, актова зала
вул.Леніна, 11, с.Хороше Озеро, Борзнянський р-н, Чернігівська обл., 16460","824","275","816","88","475","74","549","","0","475","74","549","31","518","2","1","135","13","0","8","311","1","40","0","2","3","2","28.10.12"
"740130","208","Чернігівська область","школа, фойє
вул.Леніна, 9, с.Шаповалівка, Борзнянський р-н, Чернігівська обл., 16430","960","363","951","104","525","72","597","","0","525","72","597","14","583","1","2","175","7","1","4","359","10","19","1","4","0","0","29.10.12"
"740131","208","Чернігівська область","будинок народної творчості, глядацька зала
вул.Набережна, 36, с.Ядути, Борзнянський р-н, Чернігівська обл., 16424","824","284","810","115","449","91","540","","0","449","91","540","26","514","1","1","137","11","2","39","284","8","28","0","2","0","1","28.10.12"
"740132","208","Чернігівська область","будинок народної творчості, глядацька зала
вул.Кривошеївка, 67Б, с.Красностав, Борзнянський р-н, Чернігівська обл., 16425","316","68","310","49","208","40","248","","0","208","40","248","7","241","2","3","80","1","0","8","124","9","9","2","1","1","1","29.10.12"
"740133","208","Чернігівська область","центральна районна лікарня, фойє терапевтичного корпусу
вул.Семена Палія, 22, м.Борзна, Борзнянський р-н, Чернігівська обл., 16400","216","180","47","10","26","10","36","","0","26","10","36","1","35","0","1","14","0","0","0","16","0","4","0","0","0","0","28.10.12"
"740197","208","Чернігівська область","школа №4, спортивна зала
вул.Першотравнева, 45, м.Ічня, Ічнянський р-н, Чернігівська обл., 16703","1748","776","1749","16","960","12","972","","0","960","12","972","30","942","4","3","203","11","7","5","601","9","81","0","12","1","5","29.10.12"
"740198","208","Чернігівська область","школа мистецтв, зала засідань
вул.Леніна, 4, м.Ічня, Ічнянський р-н, Чернігівська обл., 16703","2152","1020","2121","27","1106","26","1132","","0","1106","26","1132","27","1105","4","4","212","18","3","5","706","24","96","1","24","4","4","28.10.12"
"740199","208","Чернігівська область","школа №3, спортивна зала
вул.Комсомольська, 2, м.Ічня, Ічнянський р-н, Чернігівська обл., 16703","1484","653","1481","40","795","36","831","","0","795","36","831","24","807","3","7","195","4","3","3","482","15","63","1","21","5","5","29.10.12"
"740200","208","Чернігівська область","гімназія імені С.Васильченка, вестибюль
вул.Богдана Хмельницького, 6, м.Ічня, Ічнянський р-н, Чернігівська обл., 16703","2272","1041","2233","17","1215","16","1231","","0","1215","16","1231","32","1199","8","1","239","11","7","2","810","22","66","1","25","4","3","29.10.12"
"740201","208","Чернігівська область","районний будинок культури, вестибюль
вул.Леніна, 22, м.Ічня, Ічнянський р-н, Чернігівська обл., 16703","1948","857","1911","17","1079","12","1091","","0","1079","12","1091","32","1059","7","8","261","11","6","4","621","26","80","1","26","5","3","29.10.12"
"740204","208","Чернігівська область","будинок культури, фойє
вул.Тараса Шевченка, 95, смт Парафіївка, Ічнянський р-н, Чернігівська обл., 16730","2008","891","1981","60","1070","47","1117","","0","1070","47","1117","44","1073","4","6","224","3","3","3","766","9","42","3","2","4","4","29.10.12"
"740208","208","Чернігівська область","будинок культури, фойє
вул.Миру, 28, с.Бережівка, Ічнянський р-н, Чернігівська обл., 16740","500","154","497","39","310","36","346","","0","310","36","346","8","338","0","2","38","8","0","1","272","0","8","0","8","0","1","29.10.12"
"740209","208","Чернігівська область","школа, спортивна зала
вул.Садова, 1, с.Більмачівка, Ічнянський р-н, Чернігівська обл., 16712","444","143","434","35","266","35","301","","0","266","35","301","5","296","0","1","75","11","1","0","202","0","2","0","1","1","2","28.10.12"
"740215","208","Чернігівська область","школа, актова зала
вул.Шкільна, 26, с.Гужівка, Ічнянський р-н, Чернігівська обл., 16708","672","188","664","49","442","42","484","","0","442","42","484","11","473","0","0","55","7","2","2","356","29","20","0","1","1","0","29.10.12"
"740218","208","Чернігівська область","школа, вестибюль
вул.Незалежності, 55, с.Івангород, Ічнянський р-н, Чернігівська обл., 16710","720","268","713","4","448","4","452","","0","448","4","452","16","436","1","2","74","3","4","0","339","2","6","0","2","1","2","29.10.12"
"740221","208","Чернігівська область","школа, вестибюль
вул.Леніна, 65, с.Іржавець, Ічнянський р-н, Чернігівська обл., 16732","596","170","592","47","385","41","426","","0","385","41","426","5","421","0","0","110","4","0","0","280","10","11","1","4","0","1","29.10.12"
"740225","208","Чернігівська область","будинок культури, зала
вул.Жовтнева, 34А, с.Мартинівка, Ічнянський р-н, Чернігівська обл., 16711","428","134","416","59","236","58","294","","0","236","58","294","4","290","1","0","90","5","1","1","182","1","5","2","0","1","1","29.10.12"
"740228","208","Чернігівська область","сільська рада, кабінет сільського голови
вул.Радянська, 24А, с.Петрушівка, Ічнянський р-н, Чернігівська обл., 16735","308","79","301","40","192","37","229","","0","192","37","229","3","226","1","0","40","5","1","1","156","8","13","0","0","1","0","28.10.12"
"740231","208","Чернігівська область","школа, спортивна зала
вул.Перемоги, 15, с.Рожнівка, Ічнянський р-н, Чернігівська обл., 16714","620","179","610","32","410","31","441","","0","410","31","441","16","425","0","0","108","10","2","0","294","2","3","0","4","0","2","29.10.12"
"740232","208","Чернігівська область","сільський клуб, зала
вул.Незалежності, 9, с.Максимівка, Ічнянський р-н, Чернігівська обл., 16714","132","26","129","12","94","12","106","","0","94","12","106","4","102","2","0","42","2","0","1","54","0","1","0","0","0","0","28.10.12"
"740235","208","Чернігівська область","сільський клуб, зала
вул.Шкільна, 3, с-ще Тростянець, Ічнянський р-н, Чернігівська обл., 16742","696","210","692","29","459","27","486","","0","459","27","486","8","478","2","0","60","9","9","1","353","3","35","1","2","1","2","29.10.12"
"740236","208","Чернігівська область","сільський клуб, зала
вул.Леніна, 27, с.Верескуни, Ічнянський р-н, Чернігівська обл., 16748","188","46","181","14","128","14","142","","0","128","14","142","6","136","1","0","28","0","0","0","101","1","2","1","1","0","1","28.10.12"
"740239","208","Чернігівська область","будинок культури, вестибюль
вул.Т.Шевченка, 48, с.Южне, Ічнянський р-н, Чернігівська обл., 16731","752","221","746","42","490","41","531","","0","490","41","531","12","519","2","1","78","10","1","2","409","2","9","2","1","1","1","29.10.12"
"740240","208","Чернігівська область","Центральна районна лікарня, терапевтичний корпус, фойє
вул.Червоноармійська, 6, м.Ічня, Ічнянський р-н, Чернігівська обл., 16703","224","187","48","32","16","21","37","","0","16","21","37","1","36","0","0","4","0","0","0","30","1","1","0","0","0","0","29.10.12"
"740393","208","Чернігівська область","будинок культури, глядацька зала, 1-й поверх
вул.ім.Щорса, 112, смт Куликівка, Куликівський р-н, Чернігівська обл., 16300","2420","993","2367","73","1360","67","1427","","0","1360","67","1427","53","1374","12","9","322","13","9","13","695","55","205","5","24","8","4","29.10.12"
"740394","208","Чернігівська область","школа, їдальня, 1-й поверх
вул.ім.Шевченка, 4, смт Куликівка, Куликівський р-н, Чернігівська обл., 16300","2292","901","2257","60","1339","52","1391","","0","1339","52","1391","49","1342","15","4","311","21","5","16","685","66","184","4","20","5","6","29.10.12"
"740395","208","Чернігівська область","школа, спортивна зала
вул.Шкільна, 1, с.Авдіївка, Куликівський р-н, Чернігівська обл., 16321","360","103","359","60","200","57","257","","0","200","57","257","7","250","2","5","88","1","2","1","96","16","31","0","7","1","0","29.10.12"
"740396","208","Чернігівська область","будинок культури, фойє
вул.Центральна, 25А, с.Бакланова Муравійка, Куликівський р-н, Чернігівська обл., 16312","420","125","411","48","250","45","295","","0","250","45","295","16","279","3","1","101","2","3","1","133","11","16","1","1","1","5","29.10.12"
"740397","208","Чернігівська область","будинок культури, фойє, 1-й поверх
вул.Перемоги, 38, с.Вересоч, Куликівський р-н, Чернігівська обл., 16341","892","328","890","112","460","104","564","","0","460","104","564","21","543","13","2","181","3","2","3","268","23","38","2","5","0","3","29.10.12"
"740398","208","Чернігівська область","сільська рада, каб.3
вул.Петрівська, 48, с.Вершинова Муравійка, Куликівський р-н, Чернігівська обл., 16313","408","91","402","70","252","65","317","","0","252","65","317","16","301","2","6","82","0","2","1","165","12","24","3","1","0","3","29.10.12"
"740399","208","Чернігівська область","школа, спортивна зала, 1-й поверх
вул.Троїцька, 79, с.Виблі, Куликівський р-н, Чернігівська обл., 16310","732","205","715","77","452","75","527","","0","452","75","527","15","512","1","3","222","3","0","3","223","11","40","1","2","0","3","29.10.12"
"740400","208","Чернігівська область","школа, коридор, 1-й поверх
вул.Миру, 80, с.Горбове, Куликівський р-н, Чернігівська обл., 16311","980","279","989","81","620","81","701","","0","620","81","701","28","673","8","10","185","7","9","8","293","73","73","1","1","0","5","29.10.12"
"740401","208","Чернігівська область","будинок фольклору, глядацька зала
вул.Б.Хмельницького, 42, с.Грабівка, Куликівський р-н, Чернігівська обл., 16330","400","98","395","47","261","41","302","","0","261","41","302","10","292","2","1","79","0","1","0","165","12","23","3","3","1","2","29.10.12"
"740402","208","Чернігівська область","будинок культури, фойє, 1-й поверх
вул.ім.Шевченка, 170, с.Дрімайлівка, Куликівський р-н, Чернігівська обл., 16352","592","174","587","99","327","91","418","","0","327","91","418","18","400","5","2","74","0","0","1","270","20","24","2","2","0","0","29.10.12"
"740403","208","Чернігівська область","будинок культури, фойє, 1-й поверх
вул.Гончарівка, 115, с.Дроздівка, Куликівський р-н, Чернігівська обл., 16331","732","136","737","133","473","123","596","","0","472","123","595","10","585","4","2","168","2","2","2","341","5","52","1","2","3","1","29.10.12"
"740404","208","Чернігівська область","школа, коридор, 1-й поверх
вул.Центральна, 84, с.Жуківка, Куликівський р-н, Чернігівська обл., 16340","880","327","858","89","469","84","553","","0","469","84","553","23","530","5","1","133","5","8","1","316","18","31","1","9","1","1","28.10.12"
"740405","208","Чернігівська область","будинок культури, фойє, 1-й поверх
вул.ім.Шевченка, 44, с.Кладьківка, Куликівський р-н, Чернігівська обл., 16351","492","117","490","74","306","69","375","","0","306","69","375","15","360","0","4","120","2","2","5","184","10","29","0","3","0","1","28.10.12"
"740406","208","Чернігівська область","школа, актова зала, 1-й поверх
вул.Перемоги, 78, с.Ковчин, Куликівський р-н, Чернігівська обл., 16320","900","322","892","104","475","103","578","","0","475","103","578","33","545","3","5","147","1","3","7","224","72","67","0","9","2","5","29.10.12"
"740407","208","Чернігівська область","сільська рада, зала засідань
вул.Центральна, 70, с.Орлівка, Куликівський р-н, Чернігівська обл., 16332","732","195","726","107","447","90","537","","0","447","90","537","21","516","4","4","184","2","3","3","245","25","43","0","2","0","1","29.10.12"
"740408","208","Чернігівська область","будинок культури, фойє, 1-й поверх
вул.Куликівський шлях, 100А, с.Салтикова Дівиця, Куликівський р-н, Чернігівська обл., 16322","1080","348","1061","103","636","96","732","","0","636","96","732","25","707","1","1","149","3","1","2","454","29","61","3","2","0","1","29.10.12"
"740409","208","Чернігівська область","будинок культури, фойє, 1-й поверх
вул.ім.Козлова, 64, с.Смолянка, Куликівський р-н, Чернігівська обл., 16333","840","213","821","128","515","112","627","","0","515","112","627","14","613","2","3","123","1","2","2","391","40","39","1","2","1","6","29.10.12"
"740410","208","Чернігівська область","школа, фойє, 1-й поверх
вул.Миру, 48, с.Хибалівка, Куликівський р-н, Чернігівська обл., 16350","436","108","429","53","279","49","328","","0","279","49","328","12","316","2","0","55","2","0","0","192","21","40","1","1","0","2","28.10.12"
"740411","208","Чернігівська область","поліклініка, фойє, 1-й поверх
вул.Пирогова, 16, смт Куликівка, Куликівський р-н, Чернігівська обл., 16300","136","105","32","14","18","13","31","","0","18","13","31","1","30","0","0","11","0","0","2","10","2","5","0","0","0","0","29.10.12"
"740412","208","Чернігівська область","гімназія, вестибюль
вул.Шевченка, 56, м.Мена, Менський р-н, Чернігівська обл., 15600","2104","979","2092","54","1084","41","1125","","0","1084","41","1125","42","1083","13","6","271","18","5","11","551","27","162","2","7","5","5","29.10.12"
"740413","208","Чернігівська область","ВАТ ""Менське АТП-17442"", актова зала
вул.Довженка, 8, м.Мена, Менський р-н, Чернігівська обл., 15600","2352","1040","2310","53","1281","31","1312","","0","1281","31","1312","56","1256","7","6","260","16","7","11","643","26","239","2","14","8","17","30.10.12"
"740414","208","Чернігівська область","районний будинок культури, вестибюль
вул.Червона Площа, 3, м.Мена, Менський р-н, Чернігівська обл., 15600","2316","893","2285","53","1379","44","1423","","0","1379","44","1423","53","1370","9","8","324","30","15","10","642","27","273","6","8","5","13","29.10.12"
"740415","208","Чернігівська область","філія ""Менський райавтодор"", актова зала
вул.Жовтнева, 82, м.Мена, Менський р-н, Чернігівська обл., 15600","1972","820","1940","51","1104","48","1152","","0","1104","48","1152","44","1108","8","9","28","6","15","221","593","35","170","5","5","5","8","29.10.12"
"740416","208","Чернігівська область","клуб СК ""Авангард"", актова зала
вул.Свердлова, 28, м.Мена, Менський р-н, Чернігівська обл., 15600","1304","532","1286","35","744","28","772","","0","744","28","772","31","741","2","5","147","13","6","6","414","12","121","1","7","1","6","29.10.12"
"740417","208","Чернігівська область","селищна рада, зала засідань
вул.Радянська, 2А, смт Березна, Менський р-н, Чернігівська обл., 15622","1400","659","1386","42","706","35","741","","0","706","35","741","41","700","16","6","145","9","7","5","373","18","106","3","2","5","5","29.10.12"
"740418","208","Чернігівська область","школа, фойє
вул.Домницька, 18, смт Березна, Менський р-н, Чернігівська обл., 15622","1280","612","1268","45","635","33","668","","0","635","33","668","30","638","4","7","166","6","3","2","350","13","76","3","6","2","0","28.10.12"
"740419","208","Чернігівська область","школа, фойє
вул.Петропавлівська, 41, смт Березна, Менський р-н, Чернігівська обл., 15622","1148","585","1137","51","514","49","563","","0","514","49","563","35","528","10","3","127","7","2","6","316","17","27","2","5","2","4","30.10.12"
"740420","208","Чернігівська область","будинок культури, танцювальна зала
вул.К.Маркса, 5, смт Макошине, Менський р-н, Чернігівська обл., 15652","920","372","850","56","499","49","548","","0","499","49","548","19","529","4","5","155","10","4","3","281","15","44","2","3","0","3","29.10.12"
"740421","208","Чернігівська область","лікарня, вестибюль
вул.Свердлова, 11, смт Макошине, Менський р-н, Чернігівська обл., 15652","960","368","943","65","530","62","592","","0","530","62","592","22","570","9","5","185","4","3","4","247","31","72","3","1","1","5","29.10.12"
"740422","208","Чернігівська область","сільський клуб, актова зала
вул.Короленка, 24, с.Остапівка, Менський р-н, Чернігівська обл., 15652","92","10","97","19","64","18","82","","0","64","18","82","5","77","0","0","22","0","0","0","49","2","3","0","0","1","0","29.10.12"
"740423","208","Чернігівська область","сільський клуб, фойє
вул.Жовтнева, 43, с.Бігач, Менський р-н, Чернігівська обл., 15621","292","101","281","33","158","33","191","","0","158","33","191","5","186","2","4","55","0","2","1","111","4","5","0","0","0","2","29.10.12"
"740424","208","Чернігівська область","школа, фойє
пров.Шкільний, 2, с.Бірківка, Менський р-н, Чернігівська обл., 15674","592","159","582","57","380","53","433","","0","380","53","433","17","416","4","2","153","4","0","0","202","8","40","0","1","1","1","29.10.12"
"740425","208","Чернігівська область","сільська рада, фойє
вул.Мацуєва, 1, с.Блистова, Менський р-н, Чернігівська обл., 15675","720","239","715","55","430","51","481","","0","430","51","481","23","458","4","4","161","3","7","0","167","9","94","1","5","0","3","29.10.12"
"740426","208","Чернігівська область","сільський клуб, актова зала
вул.Леніна, 57, с.Величківка, Менський р-н, Чернігівська обл., 15641","604","205","593","35","367","32","399","","0","367","32","399","8","391","1","1","99","2","1","5","229","17","27","2","1","2","4","29.10.12"
"740427","208","Чернігівська область","сільська рада, зала засідань
вул.1 Травня, 41, с.Волосківці, Менський р-н, Чернігівська обл., 15632","592","195","578","68","341","56","397","","0","341","56","397","15","382","4","4","50","4","1","2","260","17","32","1","6","1","0","28.10.12"
"740428","208","Чернігівська область","сільський клуб, фойє
вул.1 Травня, 19, с.Степанівка, Менський р-н, Чернігівська обл., 15632","260","60","254","24","179","21","200","","0","179","21","200","4","196","0","0","78","0","0","0","96","9","11","0","2","0","0","28.10.12"
"740429","208","Чернігівська область","будинок культури, актова зала
вул.Шевченка, 27, с.Городище, Менський р-н, Чернігівська обл., 15631","652","241","643","39","381","30","411","","0","381","30","411","16","395","2","3","99","6","0","4","252","3","19","0","4","1","2","29.10.12"
"740430","208","Чернігівська область","сільська рада, зала засідань
вул.Миру, 56, с.Данилівка, Менський р-н, Чернігівська обл., 15642","392","84","387","30","281","27","308","","0","281","27","308","10","298","2","1","126","4","1","2","108","10","43","0","0","0","1","29.10.12"
"740431","208","Чернігівська область","сільська рада, фойє
вул.Леніна, 19, с.Дягова, Менський р-н, Чернігівська обл., 15670","656","232","644","43","382","42","424","","0","382","42","424","17","407","3","0","75","19","3","3","235","18","44","2","1","1","3","28.10.12"
"740432","208","Чернігівська область","школа, фойє
вул.Жовтнева, 46, с.Жовтневе, Менський р-н, Чернігівська обл., 15650","788","251","774","80","459","78","537","","0","459","78","537","23","514","6","3","190","4","3","1","245","14","40","2","2","3","1","29.10.12"
"740433","208","Чернігівська область","сільська рада, бухгалтерія
вул.Осипенка, 39, с.Киселівка, Менський р-н, Чернігівська обл., 15640","932","374","918","96","475","83","558","","0","475","83","558","18","540","6","3","180","3","5","4","276","26","26","1","4","2","4","29.10.12"
"740434","208","Чернігівська область","будинок культури, кімната дозвілля
вул.Леніна, 34, с.Куковичі, Менський р-н, Чернігівська обл., 15655","776","222","765","64","495","59","554","","0","495","59","554","39","515","4","5","133","3","8","0","285","10","47","2","10","2","6","29.10.12"
"740435","208","Чернігівська область","сільський клуб, актова зала
вул.Леніна, 23Б, с.Пам’ять Леніна, Менський р-н, Чернігівська обл., 15655","140","34","134","11","95","11","106","","0","95","11","106","4","102","1","0","38","1","0","2","40","2","14","1","0","3","0","29.10.12"
"740436","208","Чернігівська область","школа, коридор
вул.Червона Площа, 4, с.Ленінівка, Менський р-н, Чернігівська обл., 15620","544","188","536","54","310","46","356","","0","310","46","356","9","347","3","2","90","2","5","2","193","16","26","3","1","1","3","29.10.12"
"740437","208","Чернігівська область","сільський клуб, актова зала
вул.Котовського, 1А, с.Климентинівка, Менський р-н, Чернігівська обл., 15620","208","52","203","50","112","44","156","","0","112","44","156","10","146","0","1","57","1","0","1","71","4","9","0","1","0","1","28.10.12"
"740438","208","Чернігівська область","сільський клуб, актова зала
вул.Леніна, 7, с.Лугове, Менський р-н, Чернігівська обл., 15620","72","27","68","17","32","13","45","","0","32","13","45","0","45","0","0","14","1","1","0","22","4","2","0","0","0","1","29.10.12"
"740439","208","Чернігівська область","будинок культури, танцювальна зала
вул.Шевченка, 34В, с.Ліски, Менський р-н, Чернігівська обл., 15672","408","105","405","22","281","22","303","","0","281","22","303","14","289","2","2","77","3","2","1","162","4","26","1","6","0","3","29.10.12"
"740440","208","Чернігівська область","сільський клуб, актова зала
вул.Піонерська, 4, с.Майське, Менський р-н, Чернігівська обл., 15672","124","24","122","23","79","21","100","","0","79","21","100","2","98","1","1","26","0","0","0","58","3","8","0","0","1","0","28.10.12"
"740441","208","Чернігівська область","сільський клуб, актова зала
вул.Осипенка, 89, с.Максаки, Менський р-н, Чернігівська обл., 15681","260","54","254","39","167","39","206","","0","167","39","206","3","203","1","0","57","1","0","0","128","1","14","0","0","1","0","29.10.12"
"740442","208","Чернігівська область","школа, коридор
вул.Перемоги, 2А, с.Локнисте, Менський р-н, Чернігівська обл., 15660","896","340","880","96","464","92","556","","0","464","92","556","32","524","4","2","167","2","2","3","272","10","52","2","4","1","3","28.10.12"
"740443","208","Чернігівська область","школа, коридор
вул.Радянська, 27А, с.Гусавка, Менський р-н, Чернігівська обл., 15660","420","114","411","48","262","44","306","","0","262","44","306","18","288","1","4","120","2","1","4","107","8","36","1","1","1","2","29.10.12"
"740444","208","Чернігівська область","школа, спортзала
вул.Леніна, 32, с.Миколаївка, Менський р-н, Чернігівська обл., 15663","648","237","635","35","379","32","411","","0","379","32","411","8","403","2","4","134","1","2","3","209","7","34","3","3","1","0","29.10.12"
"740445","208","Чернігівська область","фельдшерсько-акушерський пункт, коридор
вул.Першотравнева, 5, с.Гребля, Менський р-н, Чернігівська обл., 15663","128","33","127","27","70","25","95","","0","70","25","95","6","89","1","0","26","0","1","2","45","1","6","1","5","0","1","30.10.12"
"740446","208","Чернігівська область","сільський клуб, актова зала
вул.Шевченка, 75, с.Осьмаки, Менський р-н, Чернігівська обл., 15673","432","117","423","46","273","42","315","","0","273","42","315","14","301","3","3","109","8","1","3","146","6","16","1","1","1","3","29.10.12"
"740447","208","Чернігівська область","будинок культури, актова зала
вул.Перемоги, 5А, с.Семенівка, Менський р-н, Чернігівська обл., 15662","580","194","566","79","322","64","386","","0","322","64","386","12","374","1","2","105","13","0","2","176","4","60","0","1","3","7","29.10.12"
"740448","208","Чернігівська область","контора КСП ""Полісся"", актова зала
вул.Леніна, 91, с.Синявка, Менський р-н, Чернігівська обл., 15630","744","252","730","57","445","47","492","","0","445","47","492","14","478","1","2","79","5","3","2","328","16","33","4","3","2","0","29.10.12"
"740449","208","Чернігівська область","сільська рада, зала засідань
вул.Братів Федоренків, 27, с.Слобідка, Менський р-н, Чернігівська обл., 15651","380","111","373","38","232","37","269","","0","232","37","269","10","259","0","1","109","3","0","1","115","6","22","2","0","0","0","29.10.12"
"740450","208","Чернігівська область","школа, фойє
вул.Леніна, 15, с.Стольне, Менський р-н, Чернігівська обл., 15661","1420","640","1438","101","715","65","780","","0","715","65","780","36","744","5","2","204","22","3","5","417","11","54","1","14","2","4","29.10.12"
"740451","208","Чернігівська область","сільський клуб, актова зала
вул.Пролетарська, 22, с.Ушня, Менський р-н, Чернігівська обл., 15676","516","123","507","113","300","93","393","","0","300","93","393","15","378","0","3","88","6","5","6","224","4","34","1","4","0","3","29.10.12"
"740452","208","Чернігівська область","будинок культури, фойє
вул.Леніна, 31, с.Феськівка, Менський р-н, Чернігівська обл., 15671","936","359","921","20","560","17","577","","0","560","17","577","20","557","1","4","123","5","3","9","328","14","58","0","3","4","5","29.10.12"
"740453","208","Чернігівська область","сільська рада, к.2
вул.Перемоги, 2, с-ще Чапаєвка, Менський р-н, Чернігівська обл., 15643","300","80","293","27","196","24","220","","0","196","24","220","3","217","1","0","134","0","0","1","68","4","7","0","0","0","2","28.10.12"
"740454","208","Чернігівська область","районна лікарня, бібліотека
вул.Шевченка, 61А, м.Мена, Менський р-н, Чернігівська обл., 15600","204","159","60","22","24","21","45","","0","24","21","45","3","42","2","1","10","0","0","2","25","1","1","0","0","0","0","29.10.12"
"740455","208","Чернігівська область","Менська виправна колонія №91, фойє клубу
пров.Леніна, 5, смт Макошине, Менський р-н, Чернігівська обл., 15652","640","47","593","0","593","0","593","","0","593","0","593","87","506","45","42","95","25","13","28","63","29","60","17","22","22","45","28.10.12"
"740456","208","Чернігівська область","Домницький виправний центр №135, фойє клубу
вул.Лісова, 1, с-ще Домниця, Менський р-н, Чернігівська обл., 15663","220","4","216","0","216","0","216","","0","216","0","216","8","208","2","6","160","4","1","4","15","2","7","2","2","0","3","29.10.12"
"740783","208","Чернігівська область","сільський будинок культури, фойє
вул.Слави, 1, с.Березівка, Талалаївський р-н, Чернігівська обл., 17252","420","107","417","44","272","41","313","","0","272","41","313","11","302","2","1","45","3","3","1","228","10","6","1","0","0","2","28.10.12"
"740784","208","Чернігівська область","сільський будинок культури, фойє
вул.Миру, 16, с.Болотниця, Талалаївський р-н, Чернігівська обл., 17240","344","51","358","54","239","54","293","","0","239","54","293","9","284","0","1","98","3","11","1","149","3","17","0","0","1","0","28.10.12"
"740785","208","Чернігівська область","сільський будинок культури, фойє
вул.Леніна, 21А, с.Корінецьке, Талалаївський р-н, Чернігівська обл., 17220","316","86","310","41","193","37","230","","0","193","37","230","7","223","1","0","49","7","8","0","132","10","16","0","0","0","0","28.10.12"
"740786","208","Чернігівська область","сільський будинок культури, фойє
вул.30-річчя Перемоги, 16, с.Красний Колядин, Талалаївський р-н, Чернігівська обл., 17210","784","275","774","82","439","70","509","","0","439","70","509","19","490","1","4","68","6","37","1","318","28","21","2","4","0","0","28.10.12"
"740787","208","Чернігівська область","сільський будинок культури, фойє
вул.Центральна, 18, с.Липове, Талалаївський р-н, Чернігівська обл., 17222","668","244","658","53","374","50","424","","0","374","50","424","8","416","0","0","83","4","8","0","278","13","26","0","1","1","2","29.10.12"
"740788","208","Чернігівська область","будинок народної творчості, фойє
вул.Шкільна, 4, с.Скороходове, Талалаївський р-н, Чернігівська обл., 17223","556","211","512","29","320","25","345","","0","320","25","345","12","333","0","5","62","3","9","0","198","19","32","0","3","1","1","28.10.12"
"740789","208","Чернігівська область","сільський будинок культури, фойє
вул.Кірова, 12А, с.Понори, Талалаївський р-н, Чернігівська обл., 17221","264","60","262","23","184","20","204","","0","184","20","204","2","202","0","1","33","13","3","0","119","8","23","0","2","0","0","28.10.12"
"740790","208","Чернігівська область","сільська рада, актова зала
вул.Ватутіна, 1, с.Поповичка, Талалаївський р-н, Чернігівська обл., 17242","228","68","222","30","130","30","160","","0","130","30","160","6","154","0","1","57","6","30","0","46","5","6","0","1","0","2","28.10.12"
"740791","208","Чернігівська область","сільський будинок культури, фойє
вул.Чоботька, 23, с.Обухове, Талалаївський р-н, Чернігівська обл., 17241","168","30","162","25","114","24","138","","0","114","24","138","2","136","0","1","29","3","20","1","56","17","2","0","6","1","0","28.10.12"
"740792","208","Чернігівська область","фельдшерсько-акушерський пункт, коридор
вул.Садова, 12А, с.Рябухи, Талалаївський р-н, Чернігівська обл., 17212","200","44","193","24","133","23","156","","0","133","23","156","6","150","3","0","13","3","3","0","107","15","4","0","1","0","1","28.10.12"
"740793","208","Чернігівська область","фельдшерсько-акушерський пункт, коридор
вул.Набережна, 29А, с.Грицівка, Талалаївський р-н, Чернігівська обл., 17213","116","32","109","9","75","9","84","","0","75","9","84","1","83","0","0","23","5","1","0","42","4","8","0","0","0","0","28.10.12"
"740794","208","Чернігівська область","фельдшерсько-акушерський пункт, коридор
вул.Вишнева, 12А, с.Петьків, Талалаївський р-н, Чернігівська обл., 17214","116","26","112","22","69","21","90","","0","69","21","90","1","89","0","0","59","4","0","0","19","2","3","1","1","0","0","28.10.12"
"740795","208","Чернігівська область","школа, фойє
вул.Лесі Українки, 12, с.Червоний Плугатар, Талалаївський р-н, Чернігівська обл., 17215","216","43","212","25","149","24","173","","0","149","24","173","2","171","0","1","52","1","6","0","82","15","10","0","3","0","1","28.10.12"
"740796","208","Чернігівська область","сільський будинок культури, фойє
вул.Гагаріна, 55, с.Сильченкове, Талалаївський р-н, Чернігівська обл., 17260","544","142","525","53","354","48","402","","0","354","48","402","11","391","0","0","61","9","3","2","248","10","49","0","7","1","1","28.10.12"
"740797","208","Чернігівська область","сільський будинок культури, фойє
вул.Ковпака, 1А, с.Слобідка, Талалаївський р-н, Чернігівська обл., 17261","136","38","131","14","86","12","98","","0","86","12","98","2","96","0","0","38","2","1","0","44","3","6","1","0","1","0","28.10.12"
"740798","208","Чернігівська область","фельдшерсько-акушерський пункт, коридор
вул.Першотравнева, 28, с-ще Основа, Талалаївський р-н, Чернігівська обл., 17262","72","10","74","6","57","5","62","","0","57","5","62","2","60","0","0","23","4","4","0","23","2","4","0","0","0","0","28.10.12"
"740799","208","Чернігівська область","школа, фойє
вул.Незалежності, 3, с.Українське, Талалаївський р-н, Чернігівська обл., 17230","388","97","385","46","250","41","291","","0","250","41","291","8","283","0","0","33","4","10","0","208","11","2","0","8","0","7","28.10.12"
"740800","208","Чернігівська область","фельдшерсько-акушерський пункт, коридор
вул.Шевченка, 10, с.Займище, Талалаївський р-н, Чернігівська обл., 17231","116","32","111","8","76","8","84","","0","76","8","84","2","82","0","0","9","1","1","0","65","4","1","0","0","0","1","28.10.12"
"740801","208","Чернігівська область","сільський будинок культури, фойє
вул.Науменка, 44, с.Харкове, Талалаївський р-н, Чернігівська обл., 17270","368","113","365","25","233","22","255","","0","233","22","255","8","247","1","0","53","3","8","0","122","43","14","0","3","0","0","28.10.12"
"740802","208","Чернігівська область","сільський будинок культури, фойє
вул.Новосельна, 9, с.Новоселівка, Талалаївський р-н, Чернігівська обл., 17271","164","41","160","14","112","11","123","","0","112","11","123","9","114","0","0","21","3","2","0","74","8","6","0","0","0","0","28.10.12"
"740803","208","Чернігівська область","сільський будинок культури, фойє
вул.Перемоги, 37, с.Чернецьке, Талалаївський р-н, Чернігівська обл., 17263","496","149","484","33","319","28","347","","0","319","28","347","6","341","0","1","39","12","5","0","274","6","3","0","0","1","0","28.10.12"
"740804","208","Чернігівська область","сільська рада, актова зала
вул.40-річчя Перемоги, 11, с.Юрківці, Талалаївський р-н, Чернігівська обл., 17250","160","36","157","13","112","12","124","","0","112","12","124","1","123","0","0","18","3","5","1","87","2","5","0","1","1","0","28.10.12"
"740805","208","Чернігівська область","контора ТОВ ""Лісогір"", фойє
вул.Шевченка, 25, с.Довгалівка, Талалаївський р-н, Чернігівська обл., 17251","224","48","221","19","157","19","176","","0","157","19","176","4","172","0","0","30","2","2","0","106","10","19","1","0","1","1","28.10.12"
"740806","208","Чернігівська область","районний будинок культури, фойє
вул.Леніна, 24, смт Талалаївка, Талалаївський р-н, Чернігівська обл., 17200","1708","706","1666","24","982","20","1002","","0","982","20","1002","16","986","2","4","139","11","59","2","581","74","95","0","16","2","1","28.10.12"
"740807","208","Чернігівська область","школа мистецтв, фойє
вул.Пролетарська, 30А, смт Талалаївка, Талалаївський р-н, Чернігівська обл., 17200","712","255","709","22","438","19","457","","0","438","19","457","8","449","0","0","60","4","14","2","288","34","34","1","10","0","2","29.10.12"
"740808","208","Чернігівська область","селищний будинок культури, кінозал
вул.Петровського, 47, смт Талалаївка, Талалаївський р-н, Чернігівська обл., 17200","1004","392","986","30","589","23","612","","0","589","23","612","10","602","2","0","100","9","19","0","376","25","62","0","5","2","2","28.10.12"
"740809","208","Чернігівська область","школа, фойє
вул.Радянська, 38, смт Талалаївка, Талалаївський р-н, Чернігівська обл., 17200","848","338","832","15","496","14","510","","0","496","14","510","22","488","1","1","71","3","16","1","330","36","26","0","2","0","1","29.10.12"
"740810","208","Чернігівська область","центральна районна лікарня, каб.11
вул.Леніна, 63, смт Талалаївка, Талалаївський р-н, Чернігівська обл., 17200","56","21","46","19","20","15","35","","0","20","15","35","1","34","0","0","10","0","2","0","17","1","3","0","1","0","0","29.10.12"
