"№ ВД","OBO","Назва регіону України","Місцезнаходження та адреса приміщення для голосування","1) К-сть одержаних бюлетенів","2) К-сть невикористаних бюлетенів","3) К-сть виборців, внесених до списку виборців","4) К-сть виборців, внесених до витягу зі списку виборців","5) К-сть виборців, які отримали бюлетені у приміщенні","6) К-сть виборців, які отримали за місцем перебування","7) Сумарна к-сть виборців, які отримали бюлетені","8) К-сть бюлетенів, що виявилися у кожній скринці","9) К-сть бюлетенів, що не підлягають врахуванню","10) К-сть виборців, які взяли участь у голос. у приміщенні для гол.","11) К-сть виборців, які взяли участь у голос. за місцем перебування","12) К-сть виборців, які взяли участь у голосуванні на виборчій дільниці","13) К-сть бюлетенів, визнаних недійсними","14) Сумарна к-сть голосів виборців ЗА","Герасим’юк
Ольга
Володимирівна","Пресман
Олександр
Семенович","Тюхтій
Микола
Петрович","Царьков
Євген
Ігорович","Дата підписання протоколу"
"510222","139","Одеська область","будинок культури, актова зала
вул.Котовського, 12, с.Августівка, Біляївський р-н, Одеська обл., 67632","1288","738","1280","0","550","0","550","","0","550","0","550","43","507","111","298","24","74","29.10.12"
"510223","139","Одеська область","сільський клуб, зала
вул.Радянська, 32Б, с.Алтестове, Біляївський р-н, Одеська обл., 67660","152","65","149","2","85","2","87","","0","85","2","87","7","80","26","23","2","29","28.10.12"
"510230","139","Одеська область","будинок культури, зала
вул.Леніна, 64Б, с.Василівка, Біляївський р-н, Одеська обл., 67613","1472","870","1467","31","580","22","602","","0","580","22","602","23","579","154","314","17","94","28.10.12"
"510237","139","Одеська область","будинок культури, мала зала
вул.50 років Жовтня, 46, с.Вигода, Біляївський р-н, Одеська обл., 67620","2016","1298","1997","52","690","28","718","","0","690","28","718","46","672","233","293","27","119","29.10.12"
"510238","139","Одеська область","ТОВ ""Елеватор-Вигода"", зала
вул.Елеваторна, 1, с.Вигода, Біляївський р-н, Одеська обл., 67620","1168","743","1162","34","399","26","425","","0","399","26","425","34","391","128","172","23","68","28.10.12"
"510241","139","Одеська область","школа №1, будівля спортивної зали
вул.Клубна, 2Б, с.Дачне, Біляївський р-н, Одеська обл., 67624","2480","1553","2461","29","904","23","927","","0","904","23","927","75","852","220","394","27","211","29.10.12"
"510242","139","Одеська область","будинок культури, фойє
вул.Миру, 5, с.Дачне, Біляївський р-н, Одеська обл., 67624","2504","1367","2488","46","1095","42","1137","","0","1095","42","1137","76","1061","332","436","32","261","29.10.12"
"510243","139","Одеська область","сільський клуб, зала
вул.Центральна, 27, с.Дачне, Біляївський р-н, Одеська обл., 67624","2064","1205","2061","50","824","35","859","","0","824","35","859","69","790","207","375","19","189","29.10.12"
"510246","139","Одеська область","будинок культури, зала
вул.Леніна, 5, с.Іллінка, Біляївський р-н, Одеська обл., 67630","1224","686","1218","11","527","11","538","","0","527","11","538","27","511","98","297","12","104","29.10.12"
"510248","139","Одеська область","будинок культури, зала
вул.Леніна, 65, с.Кам’янка, Біляївський р-н, Одеська обл., 67610","1040","551","1028","19","470","19","489","","0","470","19","489","20","469","97","290","15","67","28.10.12"
"510249","139","Одеська область","сільський клуб, зала
вул.Іванова, 2А, с.Котовка, Біляївський р-н, Одеська обл., 67633","1656","876","1650","43","751","29","780","","0","751","29","780","25","755","204","409","20","122","28.10.12"
"510252","139","Одеська область","сільська рада, зала урочистих подій
вул.Покровська, 1, с.Маринівка, Біляївський р-н, Одеська обл., 67631","432","177","437","22","233","22","255","","0","233","22","255","9","246","57","163","2","24","28.10.12"
"510257","139","Одеська область","Міжлиманська школа, фойє
вул.Єлісєєва, 20, с-ще Набережне, Біляївський р-н, Одеська обл., 67632","960","386","950","2","572","2","574","","0","572","2","574","22","552","120","294","20","118","29.10.12"
"510263","139","Одеська область","будинок культури, каб.1
вул.Центральна, 1, с.Нова Еметівка, Біляївський р-н, Одеська обл., 67631","424","190","423","6","228","6","234","","0","228","6","234","14","220","37","164","5","14","28.10.12"
"510264","139","Одеська область","сільський клуб, зала
вул.Пушкіна, 1, с-ще Нова Ковалівка, Біляївський р-н, Одеська обл., 67630","448","208","443","13","228","12","240","","0","228","12","240","16","224","47","123","11","43","28.10.12"
"510265","139","Одеська область","школа, актова зала
вул.Іжаковського, 1А, с.Паліївка, Біляївський р-н, Одеська обл., 67621","720","363","699","16","342","15","357","","0","342","15","357","17","340","65","216","24","35","28.10.12"
"510268","139","Одеська область","сільський клуб, зала
вул.Широка, 39, с.Протопопівка, Біляївський р-н, Одеська обл., 67632","360","179","350","0","181","0","181","","0","181","0","181","13","168","29","99","6","34","29.10.12"
"510269","139","Одеська область","будинок культури, зала
вул.Гагаріна, 38, с.Секретарівка, Біляївський р-н, Одеська обл., 67611","800","360","789","29","411","29","440","","0","411","29","440","16","424","82","300","11","31","28.10.12"
"510276","139","Одеська область","школа, ліве крило
вул.Шкільна, 12, с.Холодна Балка, Біляївський р-н, Одеська обл., 67660","2200","1310","2225","49","843","47","890","","0","843","47","890","46","844","242","316","22","264","29.10.12"
"510277","139","Одеська область","Будівля Василівського споживчого товариства
вул.Леніна 69, с.Червона Гірка, Біляївський р-н, Одеська обл., 67612","328","124","320","14","190","14","204","","0","190","14","204","13","191","49","128","4","10","28.10.12"
"510319","139","Одеська область","школа, фойє
вул.Малиновського, 95, с.Великозименове, Великомихайлівський р-н, Одеська обл., 67134","264","72","260","22","171","21","192","","0","171","21","192","5","187","31","139","9","8","28.10.12"
"510320","139","Одеська область","школа, спортивна зала
вул.Леніна, 5, с.Великокомарівка, Великомихайлівський р-н, Одеська обл., 67114","960","474","950","46","445","41","486","","0","445","41","486","34","452","71","223","37","121","28.10.12"
"510321","139","Одеська область","будинок культури, фойє
вул.Леніна, 121, смт Велика Михайлівка, Великомихайлівський р-н, Одеська обл., 67100","1544","707","1524","73","773","64","837","","0","773","64","837","33","804","214","282","20","288","29.10.12"
"510322","139","Одеська область","гімназія, спортивна зала, 1-й поверх
вул.Пушкіна, 2А, смт Велика Михайлівка, Великомихайлівський р-н, Одеська обл., 67100","1680","812","1656","40","829","39","868","","0","829","39","868","32","836","304","314","23","195","29.10.12"
"510323","139","Одеська область","школа №2, спортивна зала
вул.Комсомольська, 29, смт Велика Михайлівка, Великомихайлівський р-н, Одеська обл., 67100","1416","675","1395","62","704","37","741","","0","704","37","741","38","703","228","238","25","212","28.10.12"
"510324","139","Одеська область","будинок культури, фойє
пров.Сільрадівський, 5, с.Великоплоске, Великомихайлівський р-н, Одеська обл., 67140","2464","1138","2431","222","1125","201","1326","","0","1125","201","1326","58","1268","58","913","31","266","29.10.12"
"510325","139","Одеська область","будинок культури, глядацька зала
вул.Леніна, 61, с.Гребеники, Великомихайлівський р-н, Одеська обл., 67144","864","390","851","65","409","65","474","","0","409","65","474","10","464","32","334","7","91","28.10.12"
"510326","139","Одеська область","будинок культури, танцювальна зала
вул.Кірова, 12, с.Кірове, Великомихайлівський р-н, Одеська обл., 67123","720","411","714","30","282","27","309","","0","282","27","309","25","284","71","142","12","59","28.10.12"
"510327","139","Одеська область","будинок культури, глядацька зала
вул.Шкільна, 11, с.Комарівка, Великомихайлівський р-н, Одеська обл., 67111","160","83","157","14","63","14","77","","0","63","14","77","2","75","13","55","2","5","29.10.12"
"510328","139","Одеська область","сільська рада, каб.3
вул.Леніна, 7, с.Мигаї, Великомихайлівський р-н, Одеська обл., 67151","592","263","587","27","308","21","329","","0","308","21","329","26","303","56","170","14","63","28.10.12"
"510329","139","Одеська область","будинок культури, глядацька зала
вул.Лермонтова, 1, с.Новоборисівка, Великомихайлівський р-н, Одеська обл., 67121","1952","1172","1935","26","756","24","780","","0","756","22","778","37","741","235","340","52","114","29.10.12"
"510330","139","Одеська область","сільська рада, актова зала
вул.Леніна, 21, с.Новоолександрівка, Великомихайлівський р-н, Одеська обл., 67112","352","147","347","10","196","9","205","","0","196","9","205","13","192","39","108","12","33","28.10.12"
"510331","139","Одеська область","будинок культури, глядацька зала
вул.Миру, 5А, с.Новопетрівка, Великомихайлівський р-н, Одеська обл., 67103","1504","747","1493","24","736","21","757","","0","736","21","757","30","727","102","458","17","150","28.10.12"
"510332","139","Одеська область","сільська рада, каб.1
вул.Леніна, сільська рада, с.Новосавицьке, Великомихайлівський р-н, Одеська обл., 67143","336","76","333","35","225","35","260","","0","225","35","260","12","248","10","207","8","23","28.10.12"
"510333","139","Одеська область","будинок культури, глядацька зала
вул.Леніна, 4А, с.Новоселівка, Великомихайлівський р-н, Одеська обл., 67150","608","306","598","36","266","36","302","","0","266","36","302","17","285","63","167","8","47","28.10.12"
"510334","139","Одеська область","школа, спортивна зала
вул.Шевченка, 17, с.Першотравневе, Великомихайлівський р-н, Одеська обл., 67154","640","275","628","73","300","65","365","","0","300","65","365","24","341","58","236","12","35","29.10.12"
"510335","139","Одеська область","будинок культури, глядацька зала
вул.Фрунзе, будинок культури, с.Петрівське, Великомихайлівський р-н, Одеська обл., 67153","512","174","506","41","297","41","338","","0","297","41","338","15","323","45","212","11","55","29.10.12"
"510336","139","Одеська область","будинок культури, глядацька зала
вул. Леніна, 5, с.Полезне, Великомихайлівський р-н, Одеська обл., 67120","824","300","805","64","461","63","524","","0","461","63","524","25","499","64","338","21","76","29.10.12"
"510337","139","Одеська область","школа, кл.6, їдальня, 1-й поверх
вул.Молодіжна, 59, с.Слов’яносербка, Великомихайлівський р-н, Одеська обл., 67142","576","279","567","27","277","20","297","","0","277","20","297","15","282","38","150","6","88","28.10.12"
"510338","139","Одеська область","школа, спортивна зала
вул.Леніна, 53, с.Соше-Острівське, Великомихайлівський р-н, Одеська обл., 67110","432","192","420","10","230","10","240","","0","230","10","240","21","219","29","154","7","29","29.10.12"
"510339","139","Одеська область","будинок культури, глядацька зала
вул.Центральна, 36, с.Стоянове, Великомихайлівський р-н, Одеська обл., 67113","288","114","289","11","165","9","174","","0","165","9","174","13","161","22","78","7","54","28.10.12"
"510340","139","Одеська область","школа, спортивна зала
вул.Шкільна, 21, с.Тростянець, Великомихайлівський р-н, Одеська обл., 67141","496","190","480","41","270","36","306","","0","270","36","306","13","293","52","201","2","38","29.10.12"
"510341","139","Одеська область","школа, спортивна зала
вул.Пушкінська, 2, смт Цебрикове, Великомихайлівський р-н, Одеська обл., 67130","2384","1342","2368","73","977","65","1042","","0","977","65","1042","36","1006","278","534","27","167","28.10.12"
"510342","139","Одеська область","школа, спортивна зала
вул.Куйбишева, 69, с.Цибулівка, Великомихайлівський р-н, Одеська обл., 67132","656","284","651","49","328","44","372","","0","328","44","372","13","359","108","190","10","51","28.10.12"
"510343","139","Одеська область","школа, фойє
вул.Центральна, 54, с.Чапаєве, Великомихайлівський р-н, Одеська обл., 67133","464","119","460","72","275","70","345","","0","275","70","345","13","332","57","237","5","33","28.10.12"
"510344","139","Одеська область","сільська рада, каб.1, кабінет голови
вул.Грушевського, 5, с.Юрківка, Великомихайлівський р-н, Одеська обл., 67144","72","13","86","12","51","8","59","","0","51","8","59","4","55","5","38","2","10","28.10.12"
"510499","139","Одеська область","сільський клуб, фойє
вул.Шевченка, 69Б, с.Кубанка, Комінтернівський р-н, Одеська обл., 67583","448","149","446","30","269","30","299","","0","269","30","299","8","291","23","234","9","25","29.10.12"
"510500","139","Одеська область","Переможненська школа, спортивна зала
вул.Центральна, 6А, с.Переможне, Комінтернівський р-н, Одеська обл., 67587","312","109","303","8","195","8","203","","0","195","8","203","7","196","46","138","1","11","04.11.12"
"510501","139","Одеська область","сільський клуб, фойє
вул.Незалежності, 67, с.Красносілка, Комінтернівський р-н, Одеська обл., 67560","2392","1027","2314","25","1345","20","1365","","0","1345","20","1365","83","1282","330","710","39","203","29.10.12"
"510502","139","Одеська область","сільська рада, фойє
вул.Набережна, 87А, с.Красносілка, Комінтернівський р-н, Одеська обл., 67560","448","185","455","7","256","7","263","","0","256","7","263","17","246","58","149","5","34","29.10.12"
"510503","139","Одеська область","Красносільська школа, спортивна зала
вул.Шкільна, 1А, с.Красносілка, Комінтернівський р-н, Одеська обл., 67560","1128","479","1114","17","634","15","649","","0","634","15","649","30","619","115","420","16","68","28.10.12"
"510504","139","Одеська область","Адмінбудівля Одеської дистанції захисних лісонасаджень, фойє
вул.Молодіжна, 13а, с.Іллічівка, Комінтернівський р-н, Одеська обл., 67582","1160","544","1155","36","581","35","616","","0","581","35","616","25","591","162","325","24","80","05.11.12"
"510505","139","Одеська область","Корсунська школа, спортивна зала
Перша Лиманна, 1а, с.Корсунці, Комінтернівський р-н, Одеська обл., 67583","1472","701","1466","21","753","18","771","","0","753","18","771","43","728","208","378","27","115","28.10.12"
"510506","139","Одеська область","Олександрівська школа, спортивна зала
вул.Одеська, 2, с.Олександрівка, Комінтернівський р-н, Одеська обл., 67513","2480","911","2467","65","1513","56","1569","","0","1513","56","1569","35","1534","337","999","61","137","29.10.12"
"510507","139","Одеська область","Світлівська школа, спортивна зала
вул.Комунальна, 35, с.Світле, Комінтернівський р-н, Одеська обл., 67513","568","191","574","17","360","17","377","","0","360","17","377","22","355","65","249","13","28","29.10.12"
"510508","139","Одеська область","селищний клуб, фойє
вул.Театральна, 4, смт Нові Білярі, Комінтернівський р-н, Одеська обл., 67550","816","255","812","32","536","25","561","","0","0","0","561","17","544","97","396","6","45","30.10.12"
"510509","139","Одеська область","будинок культури, актова зала
вул.Ветеранів, 24, с.Крижанівка, Комінтернівський р-н, Одеська обл., 67562","1624","616","1613","55","958","50","1008","","0","958","50","1008","32","976","310","496","38","132","29.10.12"
"510510","139","Одеська область","Крижанівська школа, спортивна зала
пров.Шкільний, 1, с.Крижанівка, Комінтернівський р-н, Одеська обл., 67562","1312","514","1307","37","764","34","798","","0","764","34","798","40","758","230","408","24","96","29.10.12"
"510511","139","Одеська область","ВАТ ""ОДЕСАОБЛЕНЕРГО"", фойє
вул.Касьяненко, 12, с.Ліски, Комінтернівський р-н, Одеська обл., 67584","568","235","556","9","326","7","333","","0","326","7","333","16","317","110","153","12","42","29.10.12"
"510512","139","Одеська область","сільська рада, фойє
вул.Степна, 4, с.Фонтанка, Комінтернівський р-н, Одеська обл., 67571","2272","1233","2191","10","1030","9","1039","","0","1030","9","1039","46","993","429","391","145","28","29.10.12"
"510513","139","Одеська область","Фонтанська сільська амбулаторія
вул.Центральна, 41а, с.Фонтанка, Комінтернівський район, Одеська область, 67571","1392","699","1372","5","688","5","693","","0","688","5","693","28","665","255","294","20","96","02.11.12"
"510514","139","Одеська область","будинок культури, актова зала
вул.Центральна, 46, с.Фонтанка, Комінтернівський р-н, Одеська обл., 67571","2320","1247","2266","15","1059","14","1073","","0","1059","14","1073","60","1013","358","452","44","159","29.10.12"
"510515","139","Одеська область","база відпочинку ""Дорожник"", фойє
вул.Берегова, 2, с.Вапнярка, Комінтернівський р-н, Одеська обл., 67585","688","202","680","6","483","3","486","","0","483","3","486","18","468","116","281","8","63","28.10.12"
"510516","139","Одеська область","сільський клуб, актова зала
вул.Центральна, 6, с.Нова Дофінівка, Комінтернівський р-н, Одеська обл., 67572","1072","346","1064","15","711","15","726","","0","711","15","726","31","695","189","398","23","85","29.10.12"
"510517","139","Одеська область","будинок культури, фойє
вул.Гвардійська, 90, смт Чорноморське, Комінтернівський р-н, Одеська обл., 67570","2272","918","2252","10","1347","7","1354","","0","1347","7","1354","64","1290","315","659","26","290","29.10.12"
"510518","139","Одеська область","Чорноморська школа, фойє
чорноморська школа, смт Чорноморське, Комінтернівський р-н, Одеська обл., 67570","2088","787","1994","1","1300","1","1301","","0","1300","1","1301","61","1240","357","594","65","224","04.11.12"
"510519","139","Одеська область","розважальний центр ""Ковчег"", фойє
вул.Сонячна, 5, смт Чорноморське, Комінтернівський р-н, Одеська обл., 67570","880","422","865","0","458","0","458","","0","458","0","458","24","434","120","213","12","89","29.10.12"
"510520","139","Одеська область","сільський клуб, фойє
вул.Олімпійська, 5, с.Гвардійське, Комінтернівський р-н, Одеська обл., 67554","688","237","686","14","437","14","451","","0","437","14","451","20","431","109","263","8","51","29.10.12"
"510523","139","Одеська область","КУ ООПЛ №2, фойє
пл.Центральна, 1, с.Олександрівка, Комінтернівський р-н, Одеська обл., 67513","40","15","28","0","25","0","25","","0","25","0","25","7","18","6","6","2","4","02.11.12"
"510727","139","Одеська область","школа №2, фойє, 1-й поверх
вул.Щербакова, 50, м.Роздільна, Роздільнянський р-н, Одеська обл., 67400","2480","1701","2459","7","775","4","779","","0","775","4","779","27","752","251","342","22","137","28.10.12"
"510728","139","Одеська область","клуб МК-61, актова зала
вул.Генерала Плієва, 2, м.Роздільна, Роздільнянський р-н, Одеська обл., 67400","2496","1870","2472","5","622","4","626","","0","0","0","626","38","588","210","238","19","121","05.11.12"
"510729","139","Одеська область","ВАТ""Гідропрес"", актова зала, 2-й поверх
вул.40 років Перемоги, 9, м.Роздільна, Роздільнянський р-н, Одеська обл., 67400","2336","1464","2308","20","855","17","872","","0","855","17","872","46","826","312","276","19","219","29.10.12"
"510730","139","Одеська область","школа №4, спортивна зала
вул.Карла Маркса, 15, м.Роздільна, Роздільнянський р-н, Одеська обл., 67400","2480","1393","2482","36","1055","32","1087","","0","1055","32","1087","39","1048","316","458","19","255","29.10.12"
"510731","139","Одеська область","школа-гімназія №1, фойє, 1-поверх
вул.Шевченка, 56, м.Роздільна, Роздільнянський р-н, Одеська обл., 67400","2472","1581","2409","9","886","5","891","","0","886","5","891","45","846","273","364","28","181","29.10.12"
"510732","139","Одеська область","школа №3, актова зала
вул.Садова, 9, м.Роздільна, Роздільнянський р-н, Одеська обл., 67400","2296","1535","2274","10","754","7","761","","0","754","7","761","38","723","177","321","27","198","29.10.12"
"510733","139","Одеська область","будинок культури №1, актова зала
вул.Леніна, 61, смт Лиманське, Роздільнянський р-н, Одеська обл., 67452","1792","1111","1767","45","638","43","681","","0","638","43","681","41","640","119","325","15","181","28.10.12"
"510734","139","Одеська область","будинок культури №2, актова зала
вул.Кірова, 245, смт Лиманське, Роздільнянський р-н, Одеська обл., 67452","1576","961","1562","41","583","32","615","","0","583","32","615","28","587","111","294","16","166","29.10.12"
"510735","139","Одеська область","будинок культури №3, актова зала
Військове містечко, смт Лиманське, Роздільнянський р-н, Одеська обл., 67453","2456","1524","2439","22","915","17","932","","0","915","17","932","43","889","174","471","25","219","29.10.12"
"510736","139","Одеська область","школа, фойє, 1-поверх
вул.Б.Хмельницького, 56, с.Бецилове, Роздільнянський р-н, Одеська обл., 67440","376","126","373","50","203","47","250","","0","203","47","250","17","233","46","157","7","23","28.10.12"
"510737","139","Одеська область","школа, фойє, 1-поверх
пров.Шкільний, 3, с.Новоселівка, Роздільнянський р-н, Одеська обл., 67413","272","95","271","12","166","11","177","","0","166","11","177","14","163","35","103","7","18","29.10.12"
"510738","139","Одеська область","сільський клуб, актова зала
вул.Наливаного, 53, с.Буцинівка, Роздільнянський р-н, Одеська обл., 67461","944","589","933","6","350","5","355","","0","350","5","355","32","323","100","147","16","60","04.11.12"
"510739","139","Одеська область","школа, їдальня, 1-поверх
вул.Леніна, 207В, с.Виноградар, Роздільнянський р-н, Одеська обл., 67472","1792","1081","1794","40","672","39","711","","0","672","39","711","53","658","132","392","20","114","29.10.12"
"510740","139","Одеська область","школа, фойє, 1-поверх
вул.О.Пікула, 110А, с.Гаївка, Роздільнянський р-н, Одеська обл., 67411","552","289","540","18","248","15","263","","0","248","15","263","13","250","48","170","2","30","28.10.12"
"510741","139","Одеська область","фельшерсько-акушерський пункт, к.2
вул.Шевченка, 59А, с.Лучинське, Роздільнянський р-н, Одеська обл., 67483","464","249","461","16","199","16","215","","0","199","16","215","12","203","65","108","3","27","28.10.12"
"510742","139","Одеська область","школа, фойє, 1-поверх
вул.Калініна, 23, с.Єгорівка, Роздільнянський р-н, Одеська обл., 67420","952","480","943","48","431","41","472","","0","431","41","472","11","461","157","250","6","48","28.10.12"
"510743","139","Одеська область","школа, фойє
вул.Софіївська, 49Б, с.Болгарка, Роздільнянський р-н, Одеська обл., 67471","1080","490","1072","33","557","33","590","","0","557","33","590","21","569","121","380","9","59","28.10.12"
"510744","139","Одеська область","будинок культури, актова зала
вул.Леніна, 41, с.Єреміївка, Роздільнянський р-н, Одеська обл., 67442","808","431","800","35","344","33","377","","0","344","33","377","23","354","125","186","14","29","04.11.12"
"510745","139","Одеська область","сільський клуб, актова зала
вул.Шкільна, 4, с.Бурдівка, Роздільнянський р-н, Одеська обл., 67443","600","322","588","11","267","11","278","","0","267","11","278","30","248","83","94","10","61","29.10.12"
"510746","139","Одеська область","школа, кабінет фізики
вул.Шкільна, с.Кам’янка, Роздільнянський р-н, Одеська обл., 67432","1488","798","1474","37","662","28","690","","0","662","28","690","21","669","89","459","11","110","28.10.12"
"510747","139","Одеська область","школа, спортивна зала
вул.Залізнична, 2, с.Кірове, Роздільнянський р-н, Одеська обл., 67460","896","414","884","58","431","51","482","","0","431","51","482","43","439","135","217","17","70","28.10.12"
"510748","139","Одеська область","школа, фойє, 1-поверх
вул.Центральна, 44, с.Кошари, Роздільнянський р-н, Одеська обл., 67423","656","276","649","20","361","19","380","","0","361","19","380","28","352","105","189","10","48","28.10.12"
"510749","139","Одеська область","будинок культури, фойє
вул.Леніна, 109/4, с.Кучурган, Роздільнянський р-н, Одеська обл., 67450","1496","876","1484","38","590","30","620","","0","590","30","620","32","588","111","378","13","86","29.10.12"
"510750","139","Одеська область","школа, фойє
вул.Леніна, 177/1, с.Кучурган, Роздільнянський р-н, Одеська обл., 67450","1568","916","1561","56","609","43","652","","0","609","43","652","23","629","128","392","20","89","29.10.12"
"510751","139","Одеська область","сільський клуб, актова зала
вул.Будівельна, 6, с.Новокостянтинівка, Роздільнянський р-н, Одеська обл., 67410","520","214","516","33","282","24","306","","0","282","24","306","17","289","49","187","16","37","29.10.12"
"510752","139","Одеська область","школа, фойє, 1-поверх
вул.Леніна, 58, с.Новоукраїнка, Роздільнянський р-н, Одеська обл., 67441","880","411","875","93","380","89","469","","0","380","89","469","11","458","145","277","4","32","04.11.12"
"510753","139","Одеська область","сільський клуб, актова зала
вул.Пушкінська, 79, с.Понятівка, Роздільнянський р-н, Одеська обл., 67422","832","64","820","24","744","24","768","","0","744","24","768","15","753","99","612","19","23","28.10.12"
"510754","139","Одеська область","школа, спортивна зала
вул.Фрунзе, 28, с.Старостине, Роздільнянський р-н, Одеська обл., 67400","1472","710","1489","101","677","85","762","","0","677","85","762","44","718","159","434","24","101","29.10.12"
"510755","139","Одеська область","школа, фойє
вул.Центральна, 36, с.Слобідка, Роздільнянський р-н, Одеська обл., 67421","440","242","433","32","174","24","198","","0","174","24","198","12","186","30","137","5","14","28.10.12"
"510756","139","Одеська область","будинок культури, актова зала
вул.Котовського, 29, с.Степанівка, Роздільнянський р-н, Одеська обл., 67430","1808","754","1780","47","1012","42","1054","","0","1012","42","1054","16","1038","162","715","60","101","29.10.12"
"510757","139","Одеська область","школа, к.2
вул.Шкільна, 57, с.Павлівка, Роздільнянський р-н, Одеська обл., 67431","936","499","927","16","422","15","437","","0","422","15","437","14","423","48","286","9","80","28.10.12"
"510758","139","Одеська область","школа, фойє
вул.Чернишова, 14, с.Степове, Роздільнянський р-н, Одеська обл., 67451","1160","620","1148","48","508","32","540","","0","508","32","540","18","522","107","317","7","91","28.10.12"
"510759","139","Одеська область","школа, фойє
вул.Леніна, 26, с.Піонерське, Роздільнянський р-н, Одеська обл., 67451","400","99","395","10","291","10","301","","0","291","10","301","14","287","45","180","6","56","28.10.12"
"510760","139","Одеська область","будинок культури, актова зала
вул.Суворова, 69, с.Щербанка, Роздільнянський р-н, Одеська обл., 67462","1208","595","1201","59","565","48","613","","0","565","48","613","32","581","91","415","15","60","29.10.12"
"510761","139","Одеська область","школа, фойє, 1-й поверх
вул.Покровська, 116, с.Яковлівка, Роздільнянський р-н, Одеська обл., 67412","1408","706","1392","80","625","77","702","","0","625","77","702","27","675","138","460","15","62","29.10.12"
"510894","139","Одеська область","школа, фойє
школа, с.Василівка, Фрунзівський р-н, Одеська обл., 66730","320","49","315","9","262","9","271","","0","262","9","271","1","270","33","215","9","13","28.10.12"
"510895","139","Одеська область","школа, фойє
школа, с.Весела Балка, Фрунзівський р-н, Одеська обл., 66740","256","17","248","47","193","46","239","","0","193","46","239","0","239","49","183","0","7","29.10.12"
"510896","139","Одеська область","школа, фойє
школа, с.Войничеве, Фрунзівський р-н, Одеська обл., 66744","456","100","451","27","329","27","356","","0","329","27","356","3","353","12","307","9","25","28.10.12"
"510897","139","Одеська область","селищна рада, каб.2
вул.Суворова, 34, смт Затишшя, Фрунзівський р-н, Одеська обл., 6640","1416","298","1417","72","1047","71","1118","","0","1047","71","1118","33","1085","95","862","17","111","04.11.12"
"510898","139","Одеська область","будинок культури, фойє
вул.Леніна, 29, смт Затишшя, Фрунзівський р-н, Одеська обл., 66740","1528","340","1518","94","1100","88","1188","","0","1100","88","1188","27","1161","207","828","12","114","28.10.12"
"510899","139","Одеська область","будинок культури, актова зала
будинок культури, с.Йосипівка, Фрунзівський р-н, Одеська обл., 66731","744","295","740","50","402","47","449","","0","402","47","449","13","436","65","332","9","30","28.10.12"
"510900","139","Одеська область","школа, фойє
школа, с.Карабанове, Фрунзівський р-н, Одеська обл., 66711","616","84","598","50","482","50","532","","0","482","50","532","9","523","22","448","6","47","28.10.12"
"510901","139","Одеська область","будинок культури, фойє
будинок культури, с.Леніне, Фрунзівський р-н, Одеська обл., 66743","624","198","616","37","389","37","426","","0","389","37","426","15","411","68","299","5","39","28.10.12"
"510902","139","Одеська область","школа, фойє
школа, с.Майорське, Фрунзівський р-н, Одеська обл., 66705","400","112","396","25","263","25","288","","0","263","25","288","14","274","41","212","5","16","28.10.12"
"510903","139","Одеська область","школа, фойє
школа, с.Оленівка, Фрунзівський р-н, Одеська обл., 66710","448","89","444","27","332","27","359","","0","332","27","359","6","353","17","305","4","27","28.10.12"
"510904","139","Одеська область","школа, фойє
школа, с.Новозаріцьке, Фрунзівський р-н, Одеська обл., 66721","376","70","372","25","283","23","306","","0","283","23","306","12","294","32","252","2","8","29.10.12"
"510905","139","Одеська область","школа, фойє
школа, с.Новопавлівка, Фрунзівський р-н, Одеська обл., 66703","304","115","287","15","176","13","189","","0","176","13","189","10","179","15","142","3","19","28.10.12"
"510906","139","Одеська область","будинок культури, фойє
будинок культури, с.Онилове, Фрунзівський р-н, Одеська обл., 66722","368","154","336","24","192","22","214","","0","192","22","214","9","205","86","93","4","22","28.10.12"
"510907","139","Одеська область","будинок культури, фойє
будинок культури, с.Павлівка, Фрунзівський р-н, Одеська обл., 66733","768","251","770","38","484","33","517","","0","484","33","517","32","485","94","335","12","44","29.10.12"
"510908","139","Одеська область","будинок культури, фойє
будинок культури, с.Первомайське, Фрунзівський р-н, Одеська обл., 66710","184","48","182","10","126","10","136","","0","126","10","136","11","125","24","95","1","5","28.10.12"
"510909","139","Одеська область","школа, фойє
школа, с.Перехрестове, Фрунзівський р-н, Одеська обл., 66720","1200","506","1195","74","621","73","694","","0","621","73","694","8","686","44","560","11","71","28.10.12"
"510910","139","Одеська область","сільська рада, зала для засідань
сільська рада, с.Росіянівка, Фрунзівський р-н, Одеська обл., 66706","496","160","498","30","307","29","336","","0","0","0","336","9","327","30","255","7","35","30.10.12"
"510911","139","Одеська область","будинок культури, фойє
вул.Леніна, будинок культури, смт Фрунзівка, Фрунзівський р-н, Одеська обл., 66700","2488","991","2454","53","1445","52","1497","","0","1445","52","1497","37","1460","331","930","24","175","29.10.12"
"510912","139","Одеська область","школа, фойє
вул.Леніна, 100, смт Фрунзівка, Фрунзівський р-н, Одеська обл., 66700","1784","848","1780","62","876","60","936","","0","876","60","936","34","902","195","539","7","161","29.10.12"
"511064","139","Одеська область","гуртожиток МТП ""Южний"", актова зала
вул.Будівельників, 7, м.Южне, Одеська обл., 65481","2208","996","2203","11","1207","5","1212","","0","1207","5","1212","53","1159","395","495","36","233","29.10.12"
"511065","139","Одеська область","школа №2 НВК - центр ПТУ, фойє старшої школи
просп.Леніна, 18, м.Южне, Одеська обл., 65481","2224","954","2213","4","1266","4","1270","","0","1266","4","1270","57","1213","467","451","22","273","29.10.12"
"511066","139","Одеська область","школа №2 НВК - центр ПТУ, фойє молодшої школи
просп.Леніна, 18, м.Южне, Одеська обл., 65481","2024","870","2008","17","1145","9","1154","","0","1144","9","1153","48","1105","410","424","22","249","29.10.12"
"511067","139","Одеська область","ПК ""Дружба"", паркетна зала
площа Перемоги, 1, м.Южне, Одеська обл., 65481","2352","1086","2327","18","1256","10","1266","","0","1256","10","1266","50","1216","506","430","30","250","28.10.12"
"511068","139","Одеська область","ФСК ""Хімік"" ВАТ ""ОПЗ"", спортивна зала
площа Перемоги, 1, м.Южне, Одеська обл., 65481","2240","1014","2229","7","1220","6","1226","","0","1220","6","1226","47","1179","491","448","26","214","29.10.12"
"511069","139","Одеська область","Авторська школа М.П.Гузика, фойє
вул.Хіміків, 10А, м.Южне, Одеська обл., 65481","2120","936","2095","12","1178","6","1184","","0","1178","6","1184","37","1147","463","459","26","199","29.10.12"
"511070","139","Одеська область","НВО ім.В.Чорновола, актова зала
просп.Григорівського десанту, 24А, м.Южне, Одеська обл., 65481","2104","912","2092","21","1178","14","1192","","0","1178","14","1192","55","1137","382","468","33","254","02.11.12"
"511071","139","Одеська область","школа №1, фойє старшої школи
просп.Леніна, 19А, м.Южне, Одеська обл., 65481","2040","867","2025","29","1147","26","1173","","0","1147","26","1173","48","1125","387","482","24","232","29.10.12"
"511072","139","Одеська область","школа №1, спортивна зала
просп.Леніна, 19А, м.Южне, Одеська обл., 65481","2088","850","2065","19","1226","12","1238","","0","1225","12","1237","46","1191","463","506","23","199","29.10.12"
"511366","139","Одеська область","школа №48, актова зала, 1-й поверх
вул.Суворовська 11-а, 2, м.Одеса, 65069","2400","1469","2366","23","910","21","931","","0","910","21","931","43","888","417","313","21","137","29.10.12"
"511367","139","Одеська область","школа №48, фойє, 1-й поверх
вул.Суворовська 11-а, 2, м.Одеса, 65069","2432","1480","2400","31","927","25","952","","0","927","25","952","75","877","343","275","34","225","29.10.12"
"511368","139","Одеська область","школа №48, вестибюль, 1-й поверх
вул.Суворовська 11-а, 2, м.Одеса, 65069","2392","1204","2356","26","1169","19","1188","","0","1169","19","1188","75","1113","391","419","48","255","29.10.12"
"511369","139","Одеська область","школа №12, вестибюль, 1-й поверх
вул.Марсельська, 6, м.Одеса, 65069","2320","1216","2289","28","1087","17","1104","","0","1087","17","1104","116","988","312","352","49","275","04.11.12"
"511370","139","Одеська область","школа №12, спортивна зала, 1-й поверх
вул.Марсельська, 6, м.Одеса, 65069","2368","1192","2341","20","1163","13","1176","","0","1163","13","1176","94","1082","399","370","31","282","29.10.12"
"511371","139","Одеська область","школа №12, фойє, 1-й поверх
вул.Марсельська, 6, м.Одеса, 65069","2376","1252","2345","33","1102","22","1124","","0","1102","22","1124","66","1058","401","375","35","247","28.10.12"
"511372","139","Одеська область","Одеський центр профтехосвіти, їдальнія, 1-й поверх
вул.Академіка Заболотного, 9, м.Одеса, 65069","2368","1275","2312","20","1081","12","1093","","0","1081","12","1093","96","997","340","375","39","243","29.10.12"
"511373","139","Одеська область","Одеський центр профтехосвіти, спортивна зала, 1-й поверх
вул.Академіка Заболотного, 9, м.Одеса, 65069","2256","1230","2219","24","1010","16","1026","","0","1010","16","1026","83","943","317","364","38","224","04.11.12"
