"№ ВД","OBO","Назва регіону України","Місцезнаходження та адреса приміщення для голосування","1) К-сть одержаних бюлетенів","2) К-сть невикористаних бюлетенів","3) К-сть виборців, внесених до списку виборців","4) К-сть виборців, внесених до витягу зі списку виборців","5) К-сть виборців, які отримали бюлетені у приміщенні","6) К-сть виборців, які отримали за місцем перебування","7) Сумарна к-сть виборців, які отримали бюлетені","8) К-сть бюлетенів, що виявилися у кожній скринці","9) К-сть бюлетенів, що не підлягають врахуванню","10) К-сть виборців, які взяли участь у голос. у приміщенні для гол.","11) К-сть виборців, які взяли участь у голос. за місцем перебування","12) К-сть виборців, які взяли участь у голосуванні на виборчій дільниці","13) К-сть бюлетенів, визнаних недійсними","14) Сумарна к-сть голосів виборців ЗА","Власюк
Віктор
Дмитрович","Гержов
Юрій
Іванович","Іванченко
Василь
Миколайович","Печерський
Володимир
Анатолійович","Стулін
Андрій
Миколайович","Телятник
Юрій
Васильович","Чупрін
Сергій
Анатолійович","Шелех
Петро
Валентинович","Дата підписання протоколу"
"480070","131","Миколаївська область","будинок культури, танцювальний зал, 1-й поверх
вул.Леніна, 35, смт Березанка, Березанський р-н, Миколаївська обл., 57400","2376","1066","2355","55","1259","51","1310","","0","1259","51","1310","77","1233","90","432","41","7","156","185","150","172","29.10.12"
"480071","131","Миколаївська область","школа, фойє, 1-й поверх
вул.Леніна, 50, смт Березанка, Березанський р-н, Миколаївська обл., 57400","1208","669","1176","11","531","8","539","","0","531","8","539","23","516","27","184","17","6","72","86","61","63","29.10.12"
"480072","131","Миколаївська область","сільський клуб, фойє
вул.Карла Маркса, 55, с.Малахове, Березанський р-н, Миколаївська обл., 57410","512","220","505","10","282","10","292","","0","282","10","292","29","263","16","143","6","3","23","27","22","23","28.10.12"
"480073","131","Миколаївська область","контора АФ ім. Потриваєва, 1-й поверх
вул.Садова, 47, с.Анатолівка, Березанський р-н, Миколаївська обл., 57450","640","249","626","48","347","44","391","","0","347","44","391","24","367","19","194","8","6","14","75","15","36","29.10.12"
"480074","131","Миколаївська область","будинок культури, фойє
вул.Леніна, 71, с.Василівка, Березанський р-н, Миколаївська обл., 57411","768","323","753","29","427","18","445","","0","427","18","445","28","417","36","117","12","6","45","56","36","109","29.10.12"
"480075","131","Миколаївська область","школа, фойє, 1-й поверх
вул.Шкільна, 36, с.Данилівка, Березанський р-н, Миколаївська обл., 57425","368","184","361","10","175","9","184","","0","175","9","184","9","175","17","72","3","4","9","24","13","33","29.10.12"
"480076","131","Миколаївська область","школа, їдальня, 1-й поверх
вул.Шкільна, 2, с-ще Тронка, Березанський р-н, Миколаївська обл., 57426","264","138","259","3","123","3","126","","0","123","3","126","6","120","4","65","2","0","6","16","11","16","29.10.12"
"480077","131","Миколаївська область","школа, фойє, 1-й поверх
вул.Миру, 1, с.Дмитрівка, Березанський р-н, Миколаївська обл., 57420","592","265","584","24","307","20","327","","0","307","20","327","22","305","15","122","8","2","33","71","23","31","29.10.12"
"480078","131","Миколаївська область","школа, фойє, 1-й поверх
вул.Слави, 64, с.Комісарівка, Березанський р-н, Миколаївська обл., 57421","392","159","395","11","223","10","233","","0","223","10","233","16","217","15","99","3","7","15","37","15","26","29.10.12"
"480079","131","Миколаївська область","сільська рада, зал засідань
вул.Леніна, 17, с.Кімівка, Березанський р-н, Миколаївська обл., 57440","912","477","892","22","416","19","435","","0","416","19","435","18","417","70","156","17","7","42","51","32","42","29.10.12"
"480080","131","Миколаївська область","школа, коридор початкових класів, 1-й поверх
вул.Шкільна, 2, с.Коблеве, Березанський р-н, Миколаївська обл., 57453","2048","1166","2004","22","863","19","882","","0","863","19","882","66","816","55","337","21","17","92","90","122","82","29.10.12"
"480081","131","Миколаївська область","будинок механізаторів, зал засідань
вул.Леніна, 28, с.Ленінка, Березанський р-н, Миколаївська обл., 57453","392","182","388","4","207","3","210","","0","207","3","210","18","192","14","84","7","8","17","21","19","22","29.10.12"
"480082","131","Миколаївська область","база відпочинку ""Голубі далі"", їдальня
вул.Десантників, 2, с.Морське, Березанський р-н, Миколаївська обл., 57453","136","40","137","10","86","10","96","","0","86","10","96","3","93","6","48","8","2","8","8","8","5","28.10.12"
"480083","131","Миколаївська область","школа, фойє, 1-й поверх
вул.Енгельса, 1А, с.Красне, Березанський р-н, Миколаївська обл., 57412","952","414","944","40","503","35","538","","0","503","35","538","18","520","35","250","8","4","45","81","48","49","29.10.12"
"480084","131","Миколаївська область","школа, спортивний зал, 1-й поверх
вул.Шкільна, 3, с.Краснопілля, Березанський р-н, Миколаївська обл., 57434","864","381","844","48","438","45","483","","0","438","45","483","21","462","26","156","13","1","64","98","29","75","29.10.12"
"480085","131","Миколаївська область","школа, фойє, 1-й поверх
вул.Шкільна, 37, с.Лимани, Березанський р-н, Миколаївська обл., 57464","512","222","501","16","276","14","290","","0","276","14","290","11","279","14","153","7","5","28","27","17","28","28.10.12"
"480086","131","Миколаївська область","сільський клуб, зал засідань
вул.Чкалова, 57, с.Вікторівка, Березанський р-н, Миколаївська обл., 57464","200","89","193","2","109","2","111","","0","109","2","111","8","103","8","47","1","1","5","9","14","18","29.10.12"
"480087","131","Миколаївська область","сільська рада, актовий зал
вул.Миру, 1, с.Матіясове, Березанський р-н, Миколаївська обл., 57445","312","131","301","7","174","7","181","","0","174","7","181","11","170","8","67","6","3","15","10","17","44","29.10.12"
"480088","131","Миколаївська область","школа, спортивний зал
вул.Миру, 23, с.Андрієво-Зорине, Березанський р-н, Миколаївська обл., 57446","256","122","243","12","122","12","134","","0","122","12","134","7","127","9","43","7","1","9","35","9","14","29.10.12"
"480089","131","Миколаївська область","школа, фойє, 1-й поверх
вул.Леніна, 30, с.Новофедорівка, Березанський р-н, Миколаївська обл., 57437","928","412","914","25","496","20","516","","0","496","20","516","45","471","27","206","12","7","35","76","55","53","29.10.12"
"480090","131","Миколаївська область","будинок культури, глядацька зала
вул.Очаківська, 63А, с.Рибаківка, Березанський р-н, Миколаївська обл., 57460","1280","620","1264","30","631","29","660","","0","631","29","660","20","640","65","257","18","10","68","87","95","40","29.10.12"
"480091","131","Миколаївська область","ФАП, громадська приймальня
вул.Морська, 6А, с.Лугове, Березанський р-н, Миколаївська обл., 57463","320","128","310","4","188","4","192","","0","188","4","192","11","181","18","83","7","1","12","25","21","14","28.10.12"
"480092","131","Миколаївська область","школа, фойє, 1-й поверх
вул.Леніна, 49, с.Ташине, Березанський р-н, Миколаївська обл., 57430","408","145","397","31","235","28","263","","0","235","28","263","11","252","14","96","3","3","17","55","14","50","29.10.12"
"480093","131","Миколаївська область","школа, фойє, 1-й поверх
вул.Леніна, 15, с.Прогресівка, Березанський р-н, Миколаївська обл., 57433","256","97","250","12","149","10","159","","0","149","10","159","10","149","10","74","9","2","7","24","11","12","28.10.12"
"480094","131","Миколаївська область","школа, їдальня, 1-й поверх
вул.Леніна, 46А, с.Тузли, Березанський р-н, Миколаївська обл., 57436","704","317","685","35","353","34","387","","0","353","34","387","26","361","24","182","10","3","18","66","28","30","29.10.12"
"480095","131","Миколаївська область","школа, фойє, 1-й поверх
вул.Шкільна, 31, с.Чапаєвка, Березанський р-н, Миколаївська обл., 57441","824","379","815","24","422","23","445","","0","422","23","445","18","427","34","211","9","4","54","25","56","34","29.10.12"
"480096","131","Миколаївська область","школа, спортивний зал
вул.Новосельська, 1, с.Червона Українка, Березанський р-н, Миколаївська обл., 57451","664","334","656","30","302","28","330","","0","302","28","330","16","314","18","183","4","4","17","35","22","31","28.10.12"
"480159","131","Миколаївська область","районна гуманітарна гімназія, фойє
вул.Леніна, 42А, смт Веселинове, Веселинівський р-н, Миколаївська обл., 57001","1448","734","1424","63","654","60","714","","0","654","60","714","28","686","39","232","29","7","95","180","57","47","29.10.12"
"480161","131","Миколаївська область","школа, фойє
вул.Київська, 6, смт Веселинове, Веселинівський р-н, Миколаївська обл., 57001","1616","815","1612","32","771","30","801","","0","771","30","801","40","761","30","311","29","8","117","132","82","52","29.10.12"
"480162","131","Миколаївська область","районий будинок культури, танцювальний зал
вул.Леніна, 7, смт Веселинове, Веселинівський р-н, Миколаївська обл., 57001","1328","732","1304","30","570","26","596","","0","570","26","596","27","569","26","178","36","3","109","112","59","46","29.10.12"
"480163","131","Миколаївська область","Державне підприємство ""Лісгосп"", актовий зал
вул.Одеська, 86, смт Веселинове, Веселинівський р-н, Миколаївська обл., 57001","1376","660","1365","22","697","19","716","","0","697","19","716","42","674","33","267","30","6","114","118","66","40","28.10.12"
"480164","131","Миколаївська область","будинок культури, танцювальний зал
вул.Тополина, 30, с.Варюшине, Веселинівський р-н, Миколаївська обл., 57047","536","242","553","34","261","33","294","","0","261","33","294","6","288","16","145","9","5","35","53","19","6","28.10.12"
"480165","131","Миколаївська область","сільський клуб, актовий зал
вул.Центральна, 2, с.Зелене, Веселинівський р-н, Миколаївська обл., 57032","328","112","319","18","203","13","216","","0","203","13","216","6","210","54","71","12","2","31","21","13","6","29.10.12"
"480166","131","Миколаївська область","сільський клуб, актовий зал
вул.Героя Степанова, 20, с.Колосівка, Веселинівський р-н, Миколаївська обл., 57032","168","78","159","9","81","9","90","","0","81","9","90","8","82","6","26","7","2","18","14","5","4","29.10.12"
"480167","131","Миколаївська область","будинок культури, фойє
вул.Леніна, 41А, с.Катеринівка, Веселинівський р-н, Миколаївська обл., 57060","656","310","642","48","306","40","346","","0","306","40","346","28","318","23","154","13","7","37","47","22","15","29.10.12"
"480168","131","Миколаївська область","будинок культури, актовий зал
вул.Комарова, 30Б, с.Новокатеринівка, Веселинівський р-н, Миколаївська обл., 57061","656","316","643","26","314","26","340","","0","314","26","340","11","329","19","159","14","5","42","43","28","19","29.10.12"
"480169","131","Миколаївська область","Кубряцька школа, фойє
вул.Садова, 11, с.Кубряки, Веселинівський р-н, Миколаївська обл., 57070","280","119","276","19","142","19","161","","0","142","19","161","7","154","6","84","4","4","17","22","10","7","29.10.12"
"480170","131","Миколаївська область","сільський клуб, актовий зал
вул.Іванівська, 2, с.Іванівка, Веселинівський р-н, Миколаївська обл., 57070","144","49","131","7","90","5","95","","0","90","5","95","8","87","6","33","8","4","13","15","5","3","28.10.12"
"480171","131","Миколаївська область","сільська рада, актовий зал
вул.Леніна, 33, смт Кудрявцівка, Веселинівський р-н, Миколаївська обл., 57030","1464","880","1447","33","559","25","584","","0","559","25","584","43","541","68","244","17","2","50","92","50","18","29.10.12"
"480172","131","Миколаївська область","Михайлівська школа, актовий зал
вул.Леніна, 68Б, с.Михайлівка, Веселинівський р-н, Миколаївська обл., 57035","408","183","405","19","206","19","225","","0","206","19","225","13","212","17","99","9","2","22","22","28","13","29.10.12"
"480173","131","Миколаївська область","Бондарівська школа, фойє
вул.Шкільна, 1, с.Бондарівка, Веселинівський р-н, Миколаївська обл., 57036","352","138","347","23","192","22","214","","0","192","22","214","13","201","22","52","9","6","40","29","24","19","29.10.12"
"480174","131","Миколаївська область","сільський клуб, актовий зал
вул.Шевченка, 1, с.Луб’янка, Веселинівський р-н, Миколаївська обл., 57024","448","224","438","7","217","7","224","","0","217","7","224","11","213","15","112","4","3","25","30","10","14","29.10.12"
"480175","131","Миколаївська область","сільський клуб, актовий зал
вул.Почтова, 2, с.Нововоскресенка, Веселинівський р-н, Миколаївська обл., 57025","320","115","309","33","172","33","205","","0","172","33","205","6","199","8","139","3","0","23","15","7","4","29.10.12"
"480176","131","Миколаївська область","будинок культури, фойє
вул.Одеська, 46, с.Миколаївка, Веселинівський р-н, Миколаївська обл., 57020","576","269","566","34","275","32","307","","0","275","32","307","17","290","20","148","16","6","23","46","15","16","28.10.12"
"480177","131","Миколаївська область","сільський клуб, актовий зал
вул.Степанівська, 46, с.Степанівка, Веселинівський р-н, Миколаївська обл., 57020","120","39","122","5","78","3","81","","0","78","3","81","3","78","2","34","2","1","16","10","3","10","28.10.12"
"480178","131","Миколаївська область","школа, фойє
вул.Леніна, 81, с.Новосвітліка, Веселинівський р-н, Миколаївська обл., 57055","1032","523","1018","47","471","38","509","","0","471","38","509","45","464","69","184","25","6","66","51","36","27","29.10.12"
"480179","131","Миколаївська область","будинок культури, сесійна зала
вул.Шевченка, 41, с.Покровка, Веселинівський р-н, Миколаївська обл., 57045","640","293","640","59","294","53","347","","0","294","53","347","22","325","18","147","28","6","54","45","16","11","29.10.12"
"480180","131","Миколаївська область","школа, фойє
вул.Центральна, 28, с.Поділля, Веселинівський р-н, Миколаївська обл., 57040","880","429","875","33","420","31","451","","0","420","31","451","23","428","59","149","26","10","65","62","38","19","28.10.12"
"480181","131","Миколаївська область","школа, фойє
вул.Леніна, 49, с.Поріччя, Веселинівський р-н, Миколаївська обл., 57013","504","249","494","21","234","21","255","","0","234","21","255","18","237","26","125","6","1","27","19","17","16","28.10.12"
"480182","131","Миколаївська область","школа, фойє
вул.Шкільна, 1, с.Градівка, Веселинівський р-н, Миколаївська обл., 57012","312","142","306","22","151","19","170","","0","151","19","170","8","162","15","65","5","2","29","24","13","9","28.10.12"
"480183","131","Миколаївська область","школа, їдальня
вул.Леніна, 66, с.Ставки, Веселинівський р-н, Миколаївська обл., 57050","856","423","850","47","389","44","433","","0","389","44","433","21","412","37","163","16","7","48","59","45","37","29.10.12"
"480184","131","Миколаївська область","сільський клуб, фойє
вул.Центральна, 57, с.Староолексіївка, Веселинівський р-н, Миколаївська обл., 57050","376","114","375","21","241","21","262","","0","241","21","262","13","249","18","103","16","4","22","37","23","26","28.10.12"
"480185","131","Миколаївська область","сільський клуб, фойє
вул.Миру, 58, с.Штукар, Веселинівський р-н, Миколаївська обл., 57050","344","120","342","11","213","11","224","","0","213","11","224","12","212","18","76","17","6","22","33","16","24","29.10.12"
"480186","131","Миколаївська область","сільський клуб, фойє
вул.Леніна, 53, с.Піщаний Брід, Веселинівський р-н, Миколаївська обл., 57063","416","173","408","29","215","28","243","","0","215","28","243","8","235","26","56","10","4","77","14","30","18","29.10.12"
"480187","131","Миколаївська область","сільська рада, актовий зал
вул.Леніна, 98, с.Широколанівка, Веселинівський р-н, Миколаївська обл., 57063","1144","545","1131","42","558","41","599","","0","558","41","599","51","548","38","181","18","8","124","85","67","27","29.10.12"
"480188","131","Миколаївська область","будинок культури, фойє
вул.Генерала Подзігуна, 165, смт Олександрівка, Вознесенський р-н, Миколаївська обл., 56530","1288","639","1273","51","613","36","649","","0","613","36","649","32","617","40","345","11","2","56","69","50","44","29.10.12"
"480189","131","Миколаївська область","школа, актовий зал, 1-й поверх
вул.Генерала Подзігуна, 244, смт Олександрівка, Вознесенський р-н, Миколаївська обл., 56530","1304","710","1282","46","556","38","594","","0","556","38","594","28","566","40","329","10","4","49","60","43","31","28.10.12"
"480190","131","Миколаївська область","бібліотека №1, читальний зал
вул.Степова, 5, смт Олександрівка, Вознесенський р-н, Миколаївська обл., 56530","800","435","797","33","334","31","365","","0","334","31","365","21","344","15","171","10","1","43","53","23","28","29.10.12"
"480191","131","Миколаївська область","дитячий садок №2, ігрова кімната
вул.Першотравнева, 148, смт Олександрівка, Вознесенський р-н, Миколаївська обл., 56530","1144","576","1109","55","515","53","568","","0","515","53","568","27","541","26","305","11","4","63","84","31","17","29.10.12"
"480192","131","Миколаївська область","дитячий садок №4, фойє
вул.Залізнична, 16, с.Трикратне, Вознесенський р-н, Миколаївська обл., 56534","664","307","652","37","321","36","357","","0","321","36","357","12","345","16","248","7","3","13","25","13","20","28.10.12"
"480193","131","Миколаївська область","будинок культури, танцювальний зал
вул.Дмитрова, 2А, с.Білоусівка, Вознесенський р-н, Миколаївська обл., 56576","800","288","791","52","462","50","512","","0","462","50","512","16","496","25","345","4","0","39","41","19","23","29.10.12"
"480194","131","Миколаївська область","будинок культури, фойє
вул.Леніна, 276, с.Бузьке, Вознесенський р-н, Миколаївська обл., 56541","1456","688","1460","63","706","62","768","","0","706","62","768","51","717","27","454","12","6","64","68","68","18","29.10.12"
"480195","131","Миколаївська область","сільський клуб, фойє
вул.Вознесенська, 20, с-ще Вознесенське, Вознесенський р-н, Миколаївська обл., 56543","856","389","852","37","430","37","467","","0","430","37","467","23","444","12","277","21","7","29","64","10","24","29.10.12"
"480196","131","Миколаївська область","школа-інтернат, фойє, 1-й поверх
вул.Учительська, 6, с.Рацинська Дача, Вознесенський р-н, Миколаївська обл., 56543","88","35","80","4","49","4","53","","0","49","4","53","1","52","3","36","0","0","7","2","1","3","29.10.12"
"480197","131","Миколаївська область","будинок культури, фойє
вул.Перемоги, 28, с.Малосолоне, Вознесенський р-н, Миколаївська обл., 56544","232","102","233","8","122","8","130","","0","122","8","130","10","120","6","78","3","0","7","11","3","12","28.10.12"
"480198","131","Миколаївська область","будинок культури, фойє
вул.Набережна, 2, с.Воронівка, Вознесенського р-н, Миколаївської обл., 56540","968","420","966","89","467","81","548","","0","467","81","548","35","513","24","293","14","7","47","64","26","38","28.10.12"
"480199","131","Миколаївська область","школа, фойє, 1-й поверх
вул.Шкільна, 1, с.Григорівське, Вознесенський р-н, Миколаївська обл., 56550","296","101","294","14","181","14","195","","0","181","14","195","9","186","9","117","1","1","34","11","8","5","29.10.12"
"480200","131","Миколаївська область","сільський клуб, актовий зал
вул.Перемоги, 1, с.Василівка, Вознесенський р-н, Миколаївська обл., 56554","192","75","190","5","112","5","117","","0","112","5","117","6","111","3","83","3","0","10","7","4","1","28.10.12"
"480201","131","Миколаївська область","будинок культури, фойє
вул.Молодіжна, 60, с.Дмитрівка, Вознесенський р-н, Миколаївська обл., 56571","632","267","621","67","304","61","365","","0","304","61","365","10","355","16","228","6","3","23","40","19","20","28.10.12"
"480202","131","Миколаївська область","будинок культури, дзеркальна зала, 1-й поверх
вул.Леніна, 86, с.Дорошівка, Вознесенський р-н, Миколаївська обл., 56570","1488","689","1494","58","745","54","799","","0","745","54","799","33","766","28","517","15","5","81","67","32","21","29.10.12"
"480203","131","Миколаївська область","сільський клуб, фойє
вул.Центральна, 5, с.Щербанівське, Вознесенський р-н, Миколаївська обл., 56552","312","150","307","0","162","0","162","","0","162","0","162","7","155","4","93","3","1","12","14","21","7","28.10.12"
"480204","131","Миколаївська область","фельдшерсько-акушерський пункт, маніпуляційна кімната
вул.Центральна, 5, с.Трудове, Вознесенський р-н, Миколаївська обл., 56552","88","39","87","5","44","5","49","","0","44","5","49","3","46","3","33","0","1","1","2","5","1","28.10.12"
"480205","131","Миколаївська область","будинок культури, фойє, 1-й поверх
вул.Самосенків, 79А, с.Новогригорівка, Вознесенський р-н, Миколаївська обл., 56522","752","325","744","40","394","33","427","","0","393","33","426","17","409","14","279","4","41","28","1","24","18","28.10.12"
"480206","131","Миколаївська область","центр дозвілля для молоді, фойє
вул.Кольчака, 46А, с.Ракове, Вознесенський р-н, Миколаївська обл., 56521","520","155","511","20","345","20","365","","0","345","20","365","9","356","9","299","2","0","18","13","13","2","28.10.12"
"480207","131","Миколаївська область","школа, фойє, 1-й поверх
вул.Центральна, 17, с-ще Новосілка, Вознесенський р-н, Миколаївська обл., 56560","856","407","839","59","403","46","449","","0","403","46","449","27","422","22","267","7","1","31","40","28","26","31.10.12"
"480208","131","Миколаївська область","сільська рада, зал засідань, 1-й поверх
вул.Одеська, 18, с.Прибужани, Вознесенський р-н, Миколаївська обл., 56523","1312","657","1298","64","600","55","655","","0","600","55","655","26","629","26","314","11","2","97","80","49","50","29.10.12"
"480209","131","Миколаївська область","сільський клуб, актовий зал
вул.Ангуряна, 9А, с.Мартинівське, Вознесенський р-н, Миколаївська обл., 56525","136","36","100","8","92","8","100","","0","92","8","100","10","90","4","57","2","0","6","15","4","2","28.10.12"
"480210","131","Миколаївська область","школа, фойє, 1-й поверх
школа, вул.БОС-2, с-ще Мартинівське, Вознесенський р-н, Миколаївська обл., 56525","1648","876","1602","39","735","37","772","","0","735","37","772","30","742","24","450","14","4","54","134","31","31","29.10.12"
"480211","131","Миколаївська область","будинок культури, фойє, 1-й поверх
вул.Леніна, 145, с.Таборівка, Вознесенський р-н, Миколаївська обл., 56520","1360","590","1353","66","709","61","770","","0","709","61","770","38","732","33","476","11","7","54","102","30","19","31.10.12"
"480212","131","Миколаївська область","будинок культури, актовий зал, 1-й поверх
вул.Тімірязєва, 1, с-ще Тімірязєвка, Вознесенський р-н, Миколаївська обл., 56575","592","204","589","26","363","25","388","","0","363","25","388","19","369","10","254","3","5","25","22","22","28","28.10.12"
"480213","131","Миколаївська область","сільський клуб, фойє
вул.Виноградна, 31, с.Андрійчикове, Вознесенський р-н, Миколаївська обл., 56564","72","21","71","3","48","3","51","","0","48","3","51","3","48","1","35","0","0","1","2","3","6","28.10.12"
"480214","131","Миколаївська область","школа, фойє, 1-й поверх
вул.Леніна, 56, с.Трикрати, Вознесенського р-н, Миколаївської обл., 56535","1480","626","1468","105","751","103","854","","0","751","103","854","21","833","31","553","19","2","36","132","25","35","29.10.12"
"480215","131","Миколаївська область","школа, їдальня, 1-й поверх
вул.Щорса, 40, с.Актове, Вознесенського р-н, Миколаївської обл., 56537","408","185","402","6","218","5","223","","0","218","5","223","13","210","11","119","8","3","33","20","7","9","28.10.12"
"480216","131","Миколаївська область","будинок культури, актовий зал, 1-й поверх
вул.Кірова, 46, с.Щербані, Вознесенський р-н, Миколаївська обл., 56553","1304","611","1285","58","639","54","693","","0","639","54","693","30","663","31","362","17","9","30","89","27","98","29.10.12"
"480217","131","Миколаївська область","школа, фойє
вул.Шкільна, 1, с.Троїцьке, Вознесенський р-н, Миколаївська обл., 56555","264","124","247","13","128","12","140","","0","128","12","140","9","131","6","88","5","1","12","6","5","8","29.10.12"
"480218","131","Миколаївська область","школа, фойє
вул.Молодіжна, 28, с.Шевченко, Вознесенський р-н, Миколаївська обл., 56554","200","83","200","0","117","0","117","","0","117","0","117","12","105","4","56","2","2","9","12","9","11","28.10.12"
"480219","131","Миколаївська область","фельдшерсько-акушерський пункт, кабінет фельдшера
вул.Колгоспна, 29, с.Новоукраїнка, Вознесенський р-н, Миколаївська обл., 56555","80","22","83","1","57","1","58","","0","57","1","58","0","58","1","30","1","0","10","12","2","2","28.10.12"
"480220","131","Миколаївська область","школа, фойє, 1-й поверх
вул.Радянська, 128, с.Яструбинове, Вознесенський р-н, Миколаївська обл., 56564","824","378","811","31","417","29","446","","0","417","29","446","18","428","8","215","26","1","51","93","17","17","29.10.12"
"480221","131","Миколаївська область","фельдшерсько-акушерський пункт, маніпуляційна кімната
вул.Весняна, 16А, с.Новопристань, Вознесенський р-н, Миколаївська обл., 56564","64","15","65","7","42","7","49","","0","42","7","49","1","48","1","33","1","0","2","6","2","3","28.10.12"
"480245","131","Миколаївська область","ТОВ ""Нива-Союз"", контора, фойє
вул.58 стрілкової Дивізії, 1, смт Доманівка, Доманівський р-н, Миколаївська обл., 56401","1216","681","1191","53","486","49","535","","0","486","49","535","24","511","249","90","54","2","24","57","18","17","29.10.12"
"480246","131","Миколаївська область","Районний будинок культури, фойє
вул.Первомайська, 2, смт Доманівка, Доманівський р-н, Миколаївська обл., 56401","1664","843","1652","31","790","31","821","","0","790","31","821","30","791","360","166","86","5","40","98","20","16","29.10.12"
"480247","131","Миколаївська область","Райавтодор, актова зала
вул.Радянської Армії, 6, смт Доманівка, Доманівський р-н, Миколаївська обл., 56401","1024","517","1002","17","491","16","507","","0","491","16","507","11","496","277","101","37","2","17","46","8","8","29.10.12"
"480248","131","Миколаївська область","школа №2, фойє
вул.Шкільна, 2, смт Доманівка, Доманівський р-н, Миколаївська обл., 56401","1448","736","1429","50","666","46","712","","0","666","46","712","26","686","292","108","59","2","58","116","31","20","29.10.12"
"480249","131","Миколаївська область","сільський будинок культури, фойє
вул.Піонерська, 19, с.Зброшкове, Доманівський р-н, Миколаївська обл., 56401","208","102","201","12","96","10","106","","0","96","10","106","2","104","25","45","9","0","2","14","4","5","29.10.12"
"480250","131","Миколаївська область","відділення поштового зв’язку, фойє
вул.Петровського, 14, с.Забари, Доманівський р-н, Миколаївська обл., 56410","152","51","146","7","94","7","101","","0","94","7","101","2","99","44","24","4","0","9","12","3","3","29.10.12"
"480251","131","Миколаївська область","сільська рада, фойє
вул.Центральна, 7, с.Акмечетські Ставки, Доманівський р-н, Миколаївська обл., 56445","312","134","303","9","170","8","178","","0","170","8","178","4","174","59","67","4","1","3","21","7","12","29.10.12"
"480252","131","Миколаївська область","школа, фойє
вул.Шкільна, 1, с.Жовтневе, Доманівський р-н, Миколаївська обл., 56445","544","224","538","37","285","35","320","","0","285","35","320","8","312","58","155","18","1","23","18","9","30","29.10.12"
"480253","131","Миколаївська область","школа, фойє
480253 вул.Леніна, 36, с.Богданівка, Доманівський р-н, Миколаївська обл., 56419","1256","696","1241","42","521","39","560","","0","521","39","560","24","536","52","59","90","37","3","176","106","13","28.10.12"
"480254","131","Миколаївська область","сільський ФАП, фойє
вул.Первомайська, 44, с.Мар’ївка, Доманівський р-н, Миколаївська обл., 56419","280","130","279","14","136","14","150","","0","136","14","150","8","142","30","29","20","0","26","22","7","8","29.10.12"
"480255","131","Миколаївська область","сільський ФАП, фойє
вул.Набережна, 70, с.Виноградний Сад, Доманівський р-н, Миколаївська обл., 56419","152","50","143","4","98","4","102","","0","98","4","102","7","95","18","47","10","1","8","7","2","2","28.10.12"
"480256","131","Миколаївська область","сільська рада, актова зала
вул.Леніна, 26, с.Володимирівка, Доманівський р-н, Миколаївська обл., 56455","528","294","521","30","207","27","234","","0","207","27","234","14","220","67","53","34","2","12","39","7","6","29.10.12"
"480257","131","Миколаївська область","школа, фойє
вул.Шкільна, 10, с.Олександрівка, Доманівський р-н, Миколаївська обл., 56455","392","212","387","21","159","21","180","","0","159","21","180","10","170","82","26","12","2","9","28","8","3","28.10.12"
"480258","131","Миколаївська область","сільський будинок культури, фойє
вул.Енгельса, 29, с.Зелений Яр, Доманівський р-н, Миколаївська обл., 56437","656","325","641","28","307","24","331","","0","307","24","331","14","317","105","89","24","1","15","67","8","8","29.10.12"
"480259","131","Миколаївська область","сільський будинок культури, фойє
вул.Леніна, 50Б, с.Вікторівка, Доманівський р-н, Миколаївська обл., 56439","304","131","300","24","151","22","173","","0","151","22","173","11","162","67","53","14","2","2","20","4","0","29.10.12"
"480260","131","Миколаївська область","сільський будинок культури, фойє
вул.Первомайська, 26, с.Зелений Гай, Доманівський р-н, Миколаївська обл., 56439","160","59","158","14","91","10","101","","0","91","10","101","3","98","26","33","4","1","15","13","5","1","29.10.12"
"480261","131","Миколаївська область","школа, фойє
вул.Піонерська, 2А, с.Коштове, Доманівський р-н, Миколаївська обл., 56440","184","72","178","17","98","14","112","","0","98","14","112","10","102","34","17","3","2","19","6","12","9","29.10.12"
"480262","131","Миколаївська область","школа, фойє
вул.Леніна, 45, с.Козубівка, Доманівський р-н, Миколаївська обл., 56450","576","286","560","39","251","39","290","","0","251","39","290","4","286","42","183","16","1","6","14","19","5","28.10.12"
"480263","131","Миколаївська область","сільський будинок культури, фойє
вул.Набережна, 14Б, с.Новокантакузівка, Доманівський р-н, Миколаївська обл., 56451","112","47","111","8","57","8","65","","0","57","8","65","7","58","10","33","2","0","4","6","2","1","29.10.12"
"480264","131","Миколаївська область","сільський будинок культури №1, фойє
вул.Радянська, 22, с.Маринівка, Доманівський р-н, Миколаївська обл., 56425","904","522","901","9","374","8","382","","0","374","8","382","23","359","100","102","17","7","28","35","16","54","29.10.12"
"480265","131","Миколаївська область","сільський будинок культури №2, фойє
вул.Радгоспна, 11, с.Маринівка, Доманівський р-н, Миколаївська обл., 56425","696","360","678","9","327","9","336","","0","327","9","336","21","315","115","104","19","4","9","45","10","9","28.10.12"
"480266","131","Миколаївська область","сільський будинок культури, фойє
вул.Гагаріна, 3, с.Воля, Доманівський р-н, Миколаївська обл., 56425","208","99","207","11","98","11","109","","0","98","11","109","3","106","25","41","3","4","6","17","2","8","28.10.12"
"480267","131","Миколаївська область","сільський будинок культури, фойє
вул.Леніна, 17, с.Мостове, Доманівський р-н, Миколаївська обл., 56470","1224","714","1212","24","490","20","510","","0","490","20","510","34","476","141","120","25","3","43","93","36","15","29.10.12"
"480268","131","Миколаївська область","школа, актова зала
вул.Миру, 19А, с.Олександрівка, Доманівський р-н, Миколаївська обл., 56465","376","191","375","0","185","0","185","","0","185","0","185","18","167","31","55","12","4","19","9","7","30","29.10.12"
"480269","131","Миколаївська область","сільська рада, актова зала
вул.Островського, 50, с.Прибужжя, Доманівський р-н, Миколаївська обл., 56445","768","395","766","26","347","26","373","","0","347","26","373","10","363","102","143","35","2","25","26","17","13","28.10.12"
"480270","131","Миколаївська область","школа, фойє
вул.Леніна, 52А, с.Прибужжя, Доманівський р-н, Миколаївська обл., 56445","760","401","754","34","329","30","359","","0","329","30","359","15","344","91","130","20","39","29","1","13","21","29.10.12"
"480271","131","Миколаївська область","сільський магазин, торгова зала
вул.Центральна, 23А, с.Анетівка, Доманівський р-н, Миколаївська обл., 56445","160","65","155","8","87","8","95","","0","87","8","95","7","88","12","44","5","1","1","7","2","16","29.10.12"
"480272","131","Миколаївська область","школа, фойє
вул.Центральна, 1, с.Суха Балка, Доманівський р-н, Миколаївська обл., 56460","568","283","565","28","257","28","285","","0","257","28","285","14","271","72","73","3","35","22","23","14","29","29.10.12"
"480273","131","Миколаївська область","сільський будинок культури, фойє
вул.Весела, 10, с.Лідіївка, Доманівський р-н, Миколаївська обл., 56462","360","195","359","7","158","7","165","","0","158","7","165","13","152","46","26","22","1","15","25","15","2","29.10.12"
"480274","131","Миколаївська область","ПП ""Урожай"", будинок культури, фойє
вул.Леніна, 16, с.Володимирівка, Доманівський р-н, Миколаївська обл., 56415","296","118","289","6","173","5","178","","0","173","5","178","13","165","38","46","3","4","28","24","12","10","29.10.12"
"480275","131","Миколаївська область","школа, фойє
вул.Шляхова, 24, с.Щасливка, Доманівський р-н, Миколаївська обл., 56415","360","143","351","20","201","16","217","","0","201","16","217","11","206","89","40","4","1","30","18","9","15","29.10.12"
"480276","131","Миколаївська область","сільський будинок культури, фойє
вул.Миру, 2А, с.Кузнецове, Доманівський р-н, Миколаївська обл., 56418","448","176","438","20","253","19","272","","0","253","19","272","15","257","76","78","15","3","14","27","17","27","29.10.12"
"480277","131","Миколаївська область","школа, фойє
вул.Шкільна, 2, с.Фрунзе, Доманівський р-н, Миколаївська обл., 56435","576","333","556","6","240","3","243","","0","240","3","243","15","228","96","49","21","3","13","32","7","7","28.10.12"
"480278","131","Миколаївська область","сільський будинок культури, фойє
вул.Центральна, 3, с.Олександродар, Доманівський р-н, Миколаївська обл., 56435","160","74","154","7","80","6","86","","0","80","6","86","3","83","32","15","1","0","2","27","4","2","29.10.12"
"480279","131","Миколаївська область","ПСП імені Щорса, контора, актова зала
вул.Радянська, 12, с.Царедарівка, Доманівський р-н, Миколаївська обл., 56429","448","153","435","28","270","25","295","","0","270","25","295","5","290","89","154","11","2","7","23","3","1","29.10.12"
"480280","131","Миколаївська область","школа, фойє
вул.Шкільна, 15, с.Копані, Доманівський р-н, Миколаївська обл., 56429","176","48","169","11","117","11","128","","0","117","11","128","1","127","53","63","1","0","0","8","1","1","29.10.12"
"480281","131","Миколаївська область","Центральна районна лікарня, поліклініка, актова зала
вул.Пигорова, 6, смт Доманівка, Доманівський р-н, Миколаївська обл., 56401","128","107","44","13","12","9","21","","0","12","9","21","0","21","5","9","1","0","0","4","2","0","29.10.12"
"480282","131","Миколаївська область","дитячий садок №4, ігрова кімната
вул.Карла Маркса, 49, смт Єланець, Єланецький р-н, Миколаївська обл., 55500","664","293","661","9","362","9","371","","0","362","9","371","14","357","19","152","15","2","48","84","21","16","28.10.12"
"480283","131","Миколаївська область","ЦКД ""Зоря"", вестибюль
вул.Карла Маркса, 121, смт Єланець, Єланецький р-н, Миколаївська обл., 55500","912","462","896","19","437","13","450","","0","437","13","450","25","425","16","174","7","2","65","107","31","23","28.10.12"
"480284","131","Миколаївська область","школа, кл.1
вул.50 років Жовтня, 5, смт Єланець, Єланецький р-н, Миколаївська обл., 55500","1744","802","1707","44","902","40","942","","0","902","40","942","40","902","40","404","16","9","144","146","100","43","29.10.12"
"480285","131","Миколаївська область","дитячий садок №2, ігрова кімната
вул.50 років Жовтня, 62/1, смт Єланець, Єланецький р-н, Миколаївська обл., 55500","976","398","962","13","571","7","578","","0","571","7","578","22","556","35","256","10","8","62","108","47","30","29.10.12"
"480286","131","Миколаївська область","сільський клуб, актовий зал
вул.Молодіжна, 17, с.Братолюбівка, Єланецький р-н, Миколаївська обл., 55508","248","100","238","9","140","8","148","","0","140","8","148","5","143","18","50","9","5","13","39","6","3","28.10.12"
"480287","131","Миколаївська область","школа, кл.4
вул.Перемоги, 16А, с.Велідарівка, Єланецький р-н, Миколаївська обл., 55500","256","81","253","6","171","4","175","","0","171","4","175","6","169","9","69","6","3","11","37","22","12","29.10.12"
"480288","131","Миколаївська область","сільський клуб, актовий зал
вул.Куйбишевська, 41, с.Нововолодимирівка, Єланецький р-н, Миколаївська обл., 55533","320","137","325","6","179","4","183","","0","179","4","183","18","165","10","83","7","2","21","27","12","3","29.10.12"
"480289","131","Миколаївська область","сільська бібліотека, к.2
вул.Шкільна, 3, с.Великосербулівка, Єланецький р-н, Миколаївська обл., 55530","488","190","486","9","290","8","298","","0","290","8","298","15","283","19","163","8","5","23","36","14","15","28.10.12"
"480290","131","Миколаївська область","сільська рада, обрядова кімната
вул.Леніна, 20, с.Водяно-Лорине, Єланецький р-н, Миколаївська обл., 55560","376","132","370","24","221","23","244","","0","221","23","244","4","240","7","74","11","2","58","37","20","31","28.10.12"
"480291","131","Миколаївська область","ФАП, к.2
вул.Первомайська, 10, с.Семенівка, Єланецький р-н, Миколаївська обл., 55560","104","39","102","5","60","5","65","","0","60","5","65","4","61","7","14","4","0","18","15","1","2","29.10.12"
"480292","131","Миколаївська область","сільська рада, обрядова кімната
вул.Шкільна, 45, с.Возсіятське, Єланецький р-н, Миколаївська обл., 55542","1464","787","1451","63","617","60","677","","0","617","60","677","37","640","47","204","23","12","172","84","44","54","31.10.12"
"480293","131","Миколаївська область","сільська рада, обрядова кімната
пров.Янтарний, 6, с.Калинівка, Єланецький р-н, Миколаївська обл., 55553","736","334","716","34","374","28","402","","0","374","28","402","24","378","20","157","13","1","56","77","38","16","29.10.12"
"480294","131","Миколаївська область","школа, вестибюль
вул.Шкільна, 6, с.Новоолександрівка, Єланецький р-н, Миколаївська обл., 55555","384","185","374","16","184","15","199","","0","184","15","199","14","185","13","67","6","4","27","28","31","9","29.10.12"
"480295","131","Миколаївська область","школа, актовий зал
вул.Леніна, 4, с.Куйбишевка, Єланецький р-н, Миколаївська обл., 55534","696","314","692","50","338","44","382","","0","338","44","382","23","359","16","201","14","4","28","54","23","19","29.10.12"
"480296","131","Миколаївська область","школа, актовий зал
вул.Шкільна, 9, с.Нововасилівка, Єланецький р-н, Миколаївська обл., 55520","312","93","310","22","199","20","219","","0","199","20","219","7","212","15","116","11","2","18","31","10","9","28.10.12"
"480297","131","Миколаївська область","сільський клуб, актовий зал
вул.Шевченка, 18, с.Федоро-Михайлівка, Єланецький р-н, Миколаївська обл., 55520","112","27","100","8","77","8","85","","0","77","8","85","3","82","6","35","5","2","7","11","5","11","28.10.12"
"480298","131","Миколаївська область","школа, фойє, 1-й поверх
вул.Леніна, 55, с.Малодворянка, Єланецький р-н, Миколаївська обл., 55523","336","136","335","13","187","13","200","","0","187","13","200","10","190","8","89","7","2","11","19","20","34","29.10.12"
"480299","131","Миколаївська область","школа, спортивний зал
вул.Шкільна, 22, с.Малоукраїнка, Єланецький р-н, Миколаївська обл., 55540","456","181","447","34","245","30","275","","0","245","30","275","6","269","15","128","13","2","14","53","29","15","28.10.12"
"480300","131","Миколаївська область","школа, вестибюль
вул.Розкидного, 3, с.Маложенівка, Єланецький р-н, Миколаївська обл., 55550","464","172","456","37","263","29","292","","0","263","29","292","21","271","34","98","10","5","7","64","26","27","28.10.12"
"480301","131","Миколаївська область","дитячий садок, ігрова кімната
вул.Центральна, 15, с.Кам’янка, Єланецький р-н, Миколаївська обл., 55550","160","42","153","16","103","15","118","","0","103","15","118","8","110","8","51","4","3","7","18","7","12","29.10.12"
"480302","131","Миколаївська область","школа, фойє
вул.Садова, 3, с.Ольгопіль, Єланецький р-н, Миколаївська обл., 55525","400","164","388","18","218","18","236","","0","218","18","236","9","227","16","86","6","10","37","30","11","31","28.10.12"
"480303","131","Миколаївська область","будинок культури, дискотечний зал
вул.Спортивна, 20, с.Ясногородка, Єланецький р-н, Миколаївська обл., 55510","400","147","395","15","238","15","253","","0","238","15","253","7","246","13","67","5","1","65","36","45","14","29.10.12"
"480304","131","Миколаївська область","сільський клуб, к.2
вул.Шевченка, 11, с.Гражданка, Єланецький р-н, Миколаївська обл., 55510","80","15","73","2","63","2","65","","0","63","2","65","3","62","3","24","1","0","15","12","5","2","29.10.12"
"480305","131","Миколаївська область","сільський клуб, фойє
вул.1-го Травня, 34, с.Крутоярка, Єланецький р-н, Миколаївська обл., 55513","168","55","163","10","103","10","113","","0","103","10","113","5","108","7","37","4","1","13","24","13","9","28.10.12"
"480306","131","Миколаївська область","сільський клуб, актовий зал
вул.Інтернаціональна, 26, с.Півні, Єланецький р-н, Миколаївська обл., 55510","56","8","56","3","46","2","48","","0","46","2","48","1","47","2","25","0","0","6","5","6","3","28.10.12"
"480307","131","Миколаївська область","лікарня, адміністративне приміщення №2
вул.Горького, 55, смт Єланець, Єланецький р-н, Миколаївська обл., 55500","104","82","31","1","21","1","22","","0","21","1","22","0","22","1","9","1","0","3","2","3","3","28.10.12"
"480647","131","Миколаївська область","загальноосвітня школа №3, їдальня
вул.Тітова, 4, м.Вознесенськ, Миколаївська обл., 56500","1608","882","1593","45","692","34","726","","0","692","34","726","17","709","13","458","11","3","74","69","40","41","29.10.12"
"480648","131","Миколаївська область","загальноосвітня школа №3 - вхід з вул.Тітова, фойє
вул.Тітова, 4, м.Вознесенськ, Миколаївська обл., 56500","1512","822","1500","38","659","31","690","","0","659","31","690","14","676","11","411","3","0","102","63","59","27","29.10.12"
"480649","131","Миколаївська область","професійний аграрний ліцей, спортивна зала
вул.Танасчишина, 20, м.Вознесенськ, Миколаївська обл., 56500","1840","1021","1834","83","749","70","819","","0","749","70","819","20","799","23","532","9","6","95","60","56","18","29.10.12"
"480650","131","Миколаївська область","гімназія №1, спортивна зала
вул.Шевченка, 2, м.Вознесенськ, Миколаївська обл., 56500","1848","849","1818","56","957","42","999","","0","957","42","999","28","971","24","551","18","6","152","105","77","38","29.10.12"
"480651","131","Миколаївська область","загальноосвітня школа №7, спортивна зала
вул.Шевченка, 14, м.Вознесенськ, Миколаївська обл., 56500","2344","1173","2300","81","1113","58","1171","","0","1113","58","1171","27","1144","40","654","18","6","166","128","83","49","29.10.12"
"480652","131","Миколаївська область","ВАТ ""Вознесенськавтотранс"", фойє
вул.Жовтневої революції, 182, м.Вознесенськ, Миколаївська обл., 56500","1344","661","1325","41","650","33","683","","0","650","33","683","20","663","27","398","11","5","87","43","63","29","29.10.12"
"480653","131","Миколаївська область","загальноосвітня школа №8, вхід з вул.Слободянюка, мала спортивна зала
вул.Сухомлинського, 8, м.Вознесенськ, Миколаївська обл., 56500","1704","771","1725","184","755","178","933","","0","755","178","933","24","909","30","591","9","5","140","55","55","24","28.10.12"
"480654","131","Миколаївська область","загальноосвітня школа №8, фойє
вул.Сухомлинського, 8, м.Вознесенськ, Миколаївська обл., 56500","1792","818","1791","33","950","24","974","","0","950","24","974","20","954","40","551","7","8","158","66","88","36","29.10.12"
"480655","131","Миколаївська область","загальноосвітня школа №6, спортивна зала
вул.60-років Жовтня, 7, м.Вознесенськ, Миколаївська обл., 56500","2128","1021","2097","22","1092","15","1107","","0","1092","15","1107","36","1071","51","492","28","8","251","99","95","47","31.10.12"
"480656","131","Миколаївська область","станція юних техніків, фойє
вул.Чапаєва, 20, м.Вознесенськ, Миколаївська обл., 56500","2184","1207","2165","69","912","65","977","","0","912","65","977","36","941","30","559","19","8","112","116","68","29","29.10.12"
"480657","131","Миколаївська область","міський будинок культури, фойє
вул.Кірова, 22, м.Вознесенськ, Миколаївська обл., 56500","1360","703","1351","51","619","38","657","","0","619","38","657","14","643","25","387","10","2","95","58","32","34","29.10.12"
"480658","131","Миколаївська область","терцентр соц. обслуговування, актова зала
вул.Щорса, 3, м.Вознесенськ, Миколаївська обл., 56500","1792","855","1787","46","905","32","937","","0","905","32","937","27","910","31","519","18","5","119","96","75","47","29.10.12"
"480659","131","Миколаївська область","Вознесенський коледж Миколаївського державного аграрного університету, учбовий корпус, фойє
вул.Леніна, 100, м.Вознесенськ, Миколаївська обл., 56500","1472","736","1445","52","691","45","736","","0","691","45","736","24","712","29","393","12","2","106","93","46","31","31.10.12"
"480660","131","Миколаївська область","загальноосвітня школа №4, спортивна зала
вул.Кооперативна, 1, м.Вознесенськ, Миколаївська обл., 56500","1816","838","1799","44","942","36","978","","0","942","36","978","36","942","28","578","17","4","134","60","72","49","29.10.12"
"480661","131","Миколаївська область","адмінбудинок ПСП ""Прогресс"", фойє
вул.Папаніна, 53, м.Вознесенськ, Миколаївська обл., 56500","1992","948","1971","58","997","47","1044","","0","997","47","1044","35","1009","50","609","18","4","115","92","82","39","29.10.12"
"480662","131","Миколаївська область","загальноосвітня школа №5, спортивна зала
вул.Матросова, 205, м.Вознесенськ, Миколаївська обл., 56500","1848","923","1838","42","898","27","925","","0","898","27","925","41","884","39","563","14","9","117","54","50","38","29.10.12"
"480663","131","Миколаївська область","буд. культури АТ ""Зелений Гай"", спортивна зала
Центральна Садиба АТ ""Зелений Гай"", м.Вознесенськ, Миколаївська обл., 56500","1752","764","1734","57","936","52","988","","0","936","52","988","32","956","41","549","16","6","132","82","88","42","29.10.12"
"480664","131","Миколаївська область","поліклініка Центральної районної лікарні, фойє
вул.228 стрілкової дивізії, 26, м.Вознесенськ, Миколаївська обл., 56500","1720","791","1728","31","903","26","929","","0","903","26","929","27","902","39","518","13","3","138","79","59","53","29.10.12"
"480665","131","Миколаївська область","Клуб мікрорайону Пряме, актова зала
Миколаєва, 2А, м.Вознесенськ, Миколаївська обл., 56500","632","292","634","6","334","6","340","","0","334","6","340","15","325","13","231","7","1","27","16","17","13","28.10.12"
"480666","131","Миколаївська область","виправна колонія №72, актова зала
вул.Жовтневої революції, 300","808","8","800","0","800","0","800","","0","800","0","800","57","743","45","564","27","10","38","19","22","18","29.10.12"
"480710","131","Миколаївська область","ККСС ""Олімп"", фойє, 1-й поверх
вул.Спортивна, 2, м.Южноукраїнськ, Миколаївська обл., 55000","1840","1094","1847","12","736","10","746","","0","736","10","746","36","710","66","215","18","8","153","120","109","21","29.10.12"
"480711","131","Миколаївська область","школа №1, фойє, 1-й поверх
бульв.Курчатова, 8, м.Южноукраїнськ, Миколаївська обл., 55000","1968","985","1950","6","979","4","983","","0","979","4","983","46","937","62","228","15","8","217","192","191","24","29.10.12"
"480712","131","Миколаївська область","школа №1, фойє, 1-й поверх
бульв.Курчатова, 8, м.Южноукраїнськ, Миколаївська обл., 55000","1872","917","1870","11","946","9","955","","0","946","9","955","28","927","45","240","23","11","217","200","161","30","29.10.12"
"480713","131","Миколаївська область","школа №2, фойє, 1-й поверх
бульв.Шкільний, 3, м.Южноукраїнськ, Миколаївська обл., 55000","1768","904","1745","12","854","10","864","","0","854","10","864","33","831","54","219","13","6","207","164","148","20","29.10.12"
"480714","131","Миколаївська область","школа №2, фойє, 1-й поверх
бульв.Шкільний, 3, м.Южноукраїнськ, Миколаївська обл., 55000","1880","918","1858","16","947","15","962","","0","947","15","962","39","923","56","238","13","13","185","244","147","27","29.10.12"
"480715","131","Миколаївська область","ПК ""Енергетик"", фойє, 1-й поверх
просп.Леніна, 10, м.Южноукраїнськ, Миколаївська обл., 55000","1864","1024","1843","10","833","7","840","","0","833","7","840","33","807","33","197","11","6","200","157","182","21","29.10.12"
"480716","131","Миколаївська область","ПК ""Енергетик"", фойє, 1-й поверх
просп.Леніна, 10, м.Южноукраїнськ, Миколаївська обл., 55000","1808","921","1792","13","875","12","887","","0","875","12","887","22","865","42","224","15","7","220","190","139","28","29.10.12"
"480717","131","Миколаївська область","адміністративно-виробнича будівля, 2-й поверх
вул.Дружби Народів, 23, м.Южноукраїнськ, Миколаївська обл., 55000","1696","859","1679","7","833","4","837","","0","833","4","837","53","784","30","211","20","10","177","152","160","24","29.10.12"
"480718","131","Миколаївська область","школа №3, фойє, 1-й поверх
бульв.Цвіточній, 5, м.Южноукраїнськ, Миколаївська обл., 55000","1928","987","1909","6","935","6","941","","0","935","6","941","36","905","41","258","18","6","199","195","159","29","29.10.12"
"480719","131","Миколаївська область","школа №3, фойє, 1-й поверх
бульв.Цвіточний, 5, м.Южноукраїнськ, Миколаївська обл., 55000","1752","922","1724","5","827","3","830","","0","827","3","830","41","789","41","228","11","13","186","155","135","20","29.10.12"
"480720","131","Миколаївська область","школа №4, фойє, 1-й поверх
просп.Леніна, 16, м.Южноукраїнськ, Миколаївська обл., 55000","1808","924","1785","11","877","7","884","","0","877","7","884","40","844","47","206","14","11","231","143","164","28","29.10.12"
"480721","131","Миколаївська область","школа №4, фойє, 1-й поверх
просп.Леніна, 16, м.Южноукраїнськ, Миколаївська обл., 55000","1776","957","1763","10","813","6","819","","0","813","6","819","43","776","43","177","20","9","198","142","171","16","29.10.12"
"480722","131","Миколаївська область","ІКЦ ""Імпульс"", фойє, 1-й поверх
бульв.Шевченка, 8А, м.Южноукраїнськ, Миколаївська обл., 55000","1784","944","1763","11","831","9","840","","0","831","9","840","36","804","47","216","15","17","203","127","151","28","29.10.12"
"480723","131","Миколаївська область","блок-вставка гуртожитку №9, фойє
вул.Дружби Народів, 54, м.Южноукраїнськ, Миколаївська обл., 55000","1736","927","1734","5","804","5","809","","0","804","5","809","35","774","44","219","12","10","182","137","156","14","29.10.12"
"480724","131","Миколаївська область","професійний машино-будівний ліцей, 2-й поверх
вул.Молодіжна, 9, м.Южноукраїнськ, Миколаївська обл., 55000","1728","964","1711","11","757","7","764","","0","757","7","764","40","724","33","150","9","13","195","160","148","16","29.10.12"
"480725","131","Миколаївська область","професійний машино-будівний ліцей, 1-й поверх
вул.Молодіжна, 9, м.Южноукраїнськ, Миколаївська обл., 55000","1752","823","1739","11","921","8","929","","0","921","8","929","39","890","50","209","9","16","224","175","177","30","29.10.12"
"480726","131","Миколаївська область","центр дитячої та юнацької творчості, виставкова зала
вул.Набережна Енергетиків, 41, м.Южноукраїнськ, Миколаївська обл., 55000","1872","1068","1849","9","797","7","804","","0","797","7","804","34","770","43","192","15","12","194","145","149","20","29.10.12"
"480727","131","Миколаївська область","центр дитячої та юнацької творчості, актова зала
вул.Набережна Енергетиків, 41, м.Южноукраїнськ, Миколаївська обл., 55000","1896","997","1890","6","895","4","899","","0","895","4","899","36","863","52","216","12","10","233","135","179","26","29.10.12"
"480937","131","Миколаївська область","ТОВ імені Б.Хмельницького, їдальня, зала
вул.Б.Хмельницького, 14, с.Мостове, Доманівський р-н, Миколаївська обл., 56470","408","236","394","6","167","5","172","","0","167","5","172","13","159","59","26","8","1","15","39","8","3","28.10.12"
