"№ ВД","OBO","Назва регіону України","Місцезнаходження та адреса приміщення для голосування","1) К-сть одержаних бюлетенів","2) К-сть невикористаних бюлетенів","3) К-сть виборців, внесених до списку виборців","4) К-сть виборців, внесених до витягу зі списку виборців","5) К-сть виборців, які отримали бюлетені у приміщенні","6) К-сть виборців, які отримали за місцем перебування","7) Сумарна к-сть виборців, які отримали бюлетені","8) К-сть бюлетенів, що виявилися у кожній скринці","9) К-сть бюлетенів, що не підлягають врахуванню","10) К-сть виборців, які взяли участь у голос. у приміщенні для гол.","11) К-сть виборців, які взяли участь у голос. за місцем перебування","12) К-сть виборців, які взяли участь у голосуванні на виборчій дільниці","13) К-сть бюлетенів, визнаних недійсними","14) Сумарна к-сть голосів виборців ЗА","Івчук
Станіслав
Станіславович","Іскра
Микола
Миколайович","Карпович
Віктор
Васильович","Кужко
Михайло
Михайлович","Невмержицький
Анатолій
Васильович","Озерчук
Андрій
Миколайович","Пехов
Володимир
Анатолійович","Тимошенко
Микола
Михайлович","Чорний
Валерій
Іванович","Дата підписання протоколу"
"180363","64","Житомирська область","сільрада, фойє
вул.Козака, 1, с.Берестовець, Коростенський р-н, Житомирська обл., 11532","152","40","112","11","101","11","112","","0","101","11","112","3","109","0","0","1","0","1","8","65","33","1","30.10.12"
"180364","64","Житомирська область","сільрада, актова зала
вул.Жовтнева, 22Е, с.Бехи, Коростенський р-н, Житомирська обл., 11521","408","157","398","32","219","32","251","","0","219","32","251","9","242","2","3","1","1","5","70","96","64","0","29.10.12"
"180365","64","Житомирська область","клуб, актова зала
вул.Суворова, 1А, с.Вороневе, Коростенський р-н, Житомирська обл., 11521","136","42","126","9","85","9","94","","0","85","9","94","1","93","0","1","1","0","0","27","51","13","0","29.10.12"
"180366","64","Житомирська область","адмінприміщення Бехівського кар’єру, актова зала
вул.Вокзальна, 5, с-ще Сокорики, Коростенський р-н, Житомирська обл., 11521","184","68","182","10","107","9","116","","0","107","9","116","4","112","1","2","3","0","2","17","57","30","0","29.10.12"
"180367","64","Житомирська область","будинок культури, актова зала
вул.Просолова, 1, с.Білка, Коростенський р-н, Житомирська обл., 11564","400","126","391","20","257","17","274","","0","257","17","274","10","264","3","5","3","0","1","61","82","108","1","29.10.12"
"180368","64","Житомирська область","будинок культури, к.2
вул.Леніна, 35Б, с.Бондарівка, Коростенський р-н, Житомирська обл., 11562","288","99","292","33","157","32","189","","0","157","32","189","5","184","0","27","1","3","4","50","49","48","2","28.10.12"
"180369","64","Житомирська область","школа, фойє
вул.Гришка, 27, с.Гулянка, Коростенський р-н, Житомирська обл., 11562","576","226","560","30","320","30","350","","0","320","30","350","8","342","5","26","4","2","4","105","109","86","1","29.10.12"
"180370","64","Житомирська область","приміщення дошкільного навчального закладу ""Пролісок"", актова зала
вул.Молодіжна, 10, с.Гулянка, Коростенський р-н, Житомирська обл., 11562","616","255","597","3","358","3","361","","0","358","3","361","8","353","5","52","1","6","3","139","81","65","1","28.10.12"
"180371","64","Житомирська область","клуб, актова зала
вул.Маяковського, 38А, с.Охотівка, Коростенський р-н, Житомирська обл., 11562","200","47","195","37","117","36","153","","0","117","36","153","2","151","3","9","1","1","0","28","53","56","0","29.10.12"
"180372","64","Житомирська область","клуб, актова зала
вул.Гагаріна, 63, с.Ушиця, Коростенський р-н, Житомирська обл., 11562","136","51","132","20","68","17","85","","0","68","17","85","4","81","3","9","3","0","0","8","44","14","0","29.10.12"
"180373","64","Житомирська область","будинок культури, актова зала
вул.Першотравнева, 36, с.Васьковичі, Коростенський р-н, Житомирська обл., 11522","784","335","759","39","413","36","449","","0","413","36","449","11","438","7","22","5","2","19","133","94","155","1","29.10.12"
"180374","64","Житомирська область","будинок культури, к.1
вул.Щорса, 12В, с.Веселівка, Коростенський р-н, Житомирська обл., 11572","432","163","420","20","251","18","269","","0","251","18","269","5","264","3","3","6","2","2","50","77","118","3","29.10.12"
"180375","64","Житомирська область","школа, фойє
вул.Рози Люксембург, 20Б, с.Розівка, Коростенський р-н, Житомирська обл., 11572","176","62","173","3","111","3","114","","0","111","3","114","3","111","0","3","1","0","1","26","58","22","0","29.10.12"
"180376","64","Житомирська область","школа, к.2
вул.Миру, 48А, с.Іванівка, Коростенський р-н, Житомирська обл., 11572","232","77","226","19","140","15","155","","0","140","15","155","4","151","1","3","1","1","2","54","60","27","2","28.10.12"
"180377","64","Житомирська область","сільрада, актова зала
вул.Першотравнева, 16, с.Вигів, Коростенський р-н, Житомирська обл., 11554","328","115","323","36","181","32","213","","0","181","32","213","8","205","4","5","3","1","0","43","82","66","1","29.10.12"
"180378","64","Житомирська область","клуб, актова зала
вул.Центральна, 36, с.Боровиця, Коростенський р-н, Житомирська обл., 11554","96","30","92","5","61","5","66","","0","61","5","66","4","62","1","3","2","0","0","24","22","10","0","29.10.12"
"180379","64","Житомирська область","сільрада, актова зала
вул.Центральна, 31, с.Горщик, Коростенський р-н, Житомирська обл., 11560","616","253","612","31","334","29","363","","0","334","29","363","5","358","6","24","5","4","5","96","118","99","1","29.10.12"
"180380","64","Житомирська область","будинок культури, актова зала
вул.Молодіжна, 13, с.Горщик, Коростенський р-н, Житомирська обл., 11560","1056","505","1040","31","523","28","551","","0","523","28","551","15","536","10","18","6","5","7","194","187","106","3","29.10.12"
"180381","64","Житомирська область","фельдшерський пункт, каб.1
вул.Радянська, 53А, с.Березівка, Коростенський р-н, Житомирська обл., 11560","168","64","161","12","92","12","104","","0","92","12","104","1","103","0","2","0","0","1","27","42","31","0","29.10.12"
"180382","64","Житомирська область","сільрада, актова зала
вул.Центральна, 32А, с.Давидки, Коростенський р-н, Житомирська обл., 11553","280","112","282","37","134","34","168","","0","134","34","168","0","168","0","1","4","1","0","37","86","39","0","29.10.12"
"180383","64","Житомирська область","клуб, бібліотека
вул.Парнівська, 98, с.Дідковичі, Коростенський р-н, Житомирська обл., 11520","296","129","290","27","145","22","167","","0","145","22","167","5","162","3","9","5","1","1","21","80","41","1","29.10.12"
"180384","64","Житомирська область","сільрада, актова зала
вул.Потапова, 60, с.Каленське, Коростенський р-н, Житомирська обл., 11534","368","132","362","35","210","26","236","","0","210","26","236","4","232","2","5","1","1","3","58","83","77","2","29.10.12"
"180385","64","Житомирська область","сільрада, актова зала
вул.Центральна, 8, с.Калинівка, Коростенський р-н, Житомирська обл., 11554","120","50","113","22","50","20","70","","0","50","20","70","0","70","0","2","1","2","1","37","18","8","1","29.10.12"
"180386","64","Житомирська область","клуб, актова зала
вул.Травнева, 2, с.Радянське, Коростенський р-н, Житомирська обл., 11554","104","40","96","8","57","7","64","","0","57","7","64","1","63","0","1","2","0","2","29","12","17","0","29.10.12"
"180387","64","Житомирська область","клуб, фойє
вул.Мельника, 3А, с.Ковалі, Коростенський р-н, Житомирська обл., 11583","256","56","254","14","186","14","200","","0","186","14","200","3","197","3","4","1","2","1","38","114","34","0","29.10.12"
"180388","64","Житомирська область","сільрада, актова зала
вул.Центральна, 31, с.Кожухівка, Коростенський р-н, Житомирська обл., 11550","264","113","247","5","149","2","151","","0","149","2","151","8","143","1","7","0","2","4","32","68","29","0","29.10.12"
"180389","64","Житомирська область","бібліотека, каб.1
вул.Центральна, 47, с.Клочеве, Коростенський р-н, Житомирська обл., 11550","112","38","109","0","74","0","74","","0","74","0","74","3","71","3","1","1","0","0","12","49","5","0","28.10.12"
"180390","64","Житомирська область","школа, фойє
вул.Поварова, 49, с.Купище, Коростенський р-н, Житомирська обл., 11552","216","76","216","17","128","12","140","","0","128","12","140","4","136","1","2","2","0","3","30","69","29","0","29.10.12"
"180391","64","Житомирська область","клуб, актова зала
вул.Юрасова, 60, с.Жабче, Коростенський р-н, Житомирська обл., 11552","352","146","347","20","188","18","206","","0","188","18","206","10","196","1","4","5","1","1","34","92","56","2","29.10.12"
"180392","64","Житомирська область","сільрада, актова зала
вул.Житомирська, 48, с.Лісівщина, Коростенський р-н, Житомирська обл., 11580","656","273","648","46","347","36","383","","0","347","36","383","17","366","4","7","4","5","5","99","129","111","2","29.10.12"
"180393","64","Житомирська область","сільрада, каб.1
вул.Леніна, 10, с.Мала Зубівщина, Коростенський р-н, Житомирська обл., 11535","416","193","223","9","214","9","223","","0","214","9","223","7","216","4","4","3","2","3","73","64","62","1","29.10.12"
"180394","64","Житомирська область","фельдшерський пункт, каб.1
вул.Новаківська, 1, с.Зубівщина, Коростенський р-н, Житомирська обл., 11535","144","41","142","8","95","8","103","","0","95","8","103","2","101","0","1","0","0","1","53","29","16","1","29.10.12"
"180395","64","Житомирська область","сільрада, актова зала
вул.Жовтнева, 88А, с.Мединівка, Коростенський р-н, Житомирська обл., 11533","176","39","173","27","110","27","137","","0","110","27","137","4","133","1","1","2","1","0","33","63","32","0","29.10.12"
"180396","64","Житомирська область","сільрада, актова зала
вул.Трипольського, 4, с.Межирічка, Коростенський р-н, Житомирська обл., 11524","152","47","153","25","80","25","105","","0","80","25","105","2","103","0","3","0","3","1","44","34","17","1","29.10.12"
"180397","64","Житомирська область","будинок культури, актова зала
вул.40-річчя Перемоги, 10, с.Мелені, Коростенський р-н, Житомирська обл., 11576","688","253","676","61","383","52","435","","0","383","52","435","12","423","4","15","5","3","11","80","166","138","1","29.10.12"
"180398","64","Житомирська область","клуб, актова зала
вул.Терехова, 13, с.Граби, Коростенський р-н, Житомирська обл., 11576","136","46","136","16","76","14","90","","0","76","14","90","5","85","1","2","0","0","1","12","49","19","1","29.10.12"
"180399","64","Житомирська область","фельдшерський пункт, каб.2
вул.Дружби, 8, с.Полянка, Коростенський р-н, Житомирська обл., 11576","88","27","85","12","50","11","61","","0","50","11","61","0","61","0","0","0","1","1","20","28","11","0","29.10.12"
"180400","64","Житомирська область","будинок культури, актова зала
вул.Вишняки, 23В, с.Михайлівка, Коростенський р-н, Житомирська обл., 11523","872","452","861","19","402","18","420","","0","402","18","420","15","405","1","6","6","1","11","65","161","153","1","29.10.12"
"180401","64","Житомирська область","сільрада, актова зала
вул.Слави, 1А, с.Новаки, Коростенський р-н, Житомирська обл., 11543","472","167","465","41","268","37","305","","0","268","37","305","2","303","6","12","2","2","5","69","126","79","2","29.10.12"
"180402","64","Житомирська область","сільрада, актова зала
вул.Жовтнева, 7, с.Обиходи, Коростенський р-н, Житомирська обл., 11531","72","18","69","2","52","2","54","","0","52","2","54","2","52","0","3","1","0","0","15","19","14","0","29.10.12"
"180403","64","Житомирська область","будинок культури, актова зала
вул.Жмаченка, 48, с.Поліське, Коростенський р-н, Житомирська обл., 11555","880","332","863","28","525","23","548","","0","525","23","548","8","540","8","31","6","3","13","177","154","143","5","29.10.12"
"180404","64","Житомирська область","сільрада, актова зала
вул.Черкашина, 1, с.Ришавка, Коростенський р-н, Житомирська обл., 11566","272","86","268","34","156","30","186","","0","156","30","186","6","180","2","9","5","1","3","43","75","41","1","29.10.12"
"180405","64","Житомирська область","сільрада, актова зала
вул.Центральна, 24, с.Новина, Коростенський р-н, Житомирська обл., 11566","232","91","230","19","125","16","141","","0","125","16","141","7","134","0","7","1","1","0","46","36","43","0","29.10.12"
"180406","64","Житомирська область","клуб, актова зала
вул.Жовтнева, 17, с.Ставище, Коростенський р-н, Житомирська обл., 11582","256","87","254","12","159","10","169","","0","159","10","169","3","166","2","5","2","0","3","46","71","37","0","29.10.12"
"180407","64","Житомирська область","сільрада, актова зала
вул.Центральна, 45, с.Сушки, Коростенський р-н, Житомирська обл., 11565","384","124","380","33","234","26","260","","0","234","26","260","12","248","6","4","1","2","3","99","105","28","0","29.10.12"
"180408","64","Житомирська область","клуб, актова зала
вул.Садова, 1А, с.Кам’яна Гора, Коростенський р-н, Житомирська обл., 11565","64","34","58","9","24","6","30","","0","24","6","30","3","27","1","0","1","0","0","7","13","5","0","28.10.12"
"180409","64","Житомирська область","сільрада, актова зала
вул.Жовтнева, 1, с.Сарновичі, Коростенський р-н, Житомирська обл., 11525","192","50","188","33","110","32","142","","0","110","32","142","2","140","2","5","1","1","0","54","63","14","0","29.10.12"
"180410","64","Житомирська область","сільрада, актова зала
вул.Радянська, 5, с.Сингаї, Коростенський р-н, Житомирська обл., 11541","480","204","473","11","265","11","276","","0","265","11","276","6","270","5","8","1","1","0","119","83","50","3","29.10.12"
"180411","64","Житомирська область","гімназія, фойє
вул.Шкільна, 6, с.Грозине, Коростенський р-н, Житомирська обл., 11541","920","385","901","6","529","6","535","","0","529","6","535","30","505","4","21","6","5","7","218","121","118","5","29.10.12"
"180412","64","Житомирська область","фельдшерський пункт, каб.1
вул.Центральна, 9, с.Немирівка, Коростенський р-н, Житомирська обл., 11541","160","58","155","12","92","10","102","","0","92","10","102","0","102","4","3","0","1","3","27","39","24","1","28.10.12"
"180413","64","Житомирська область","фельдшерський пункт, каб.1
вул.Перемоги, 9, с.Шатрище, Коростенський р-н, Житомирська обл., 11541","320","129","315","22","170","21","191","","0","170","21","191","6","185","0","6","2","2","4","37","89","44","1","29.10.12"
"180414","64","Житомирська область","фельдшерський пункт, каб.1
вул.Центральна, 124А, с.Купеч, Коростенський р-н, Житомирська обл., 11541","96","32","95","6","58","6","64","","0","58","6","64","0","64","0","1","1","0","0","21","20","21","0","29.10.12"
"180415","64","Житомирська область","сільрада, актова зала
вул.Центральна, 25, с.Стремигород, Коростенський р-н, Житомирська обл., 11545","336","116","330","23","197","23","220","","0","197","23","220","7","213","2","4","7","0","6","49","94","51","0","29.10.12"
"180416","64","Житомирська область","фельдшерський пункт, каб.2
вул.Лісова, 20, с.Діброва, Коростенський р-н, Житомирська обл., 11545","112","22","119","22","68","22","90","","0","68","22","90","2","88","0","4","2","1","0","30","32","19","0","29.10.12"
"180417","64","Житомирська область","клуб, каб.2
вул.Польова, 2, с.Майданівка, Коростенський р-н, Житомирська обл., 11545","104","27","98","20","57","20","77","","0","57","20","77","1","76","0","1","0","0","1","18","42","14","0","29.10.12"
"180418","64","Житомирська область","будинок культури, актова зала
вул.Леніна, 1, с.Ушомир, Коростенський р-н, Житомирська обл., 11571","984","319","967","34","631","34","665","","0","631","34","665","13","652","2","50","6","5","9","185","112","283","0","29.10.12"
"180419","64","Житомирська область","будинок-інтернат, актова зала
вул.Центральна, 1, с.Березневе, Коростенський р-н, Житомирська обл., 11571","104","41","97","6","57","6","63","","0","57","6","63","0","63","0","1","0","0","0","8","22","32","0","29.10.12"
"180420","64","Житомирська область","клуб, актова зала
вул.Центральна, 60А, с.Заріччя, Коростенський р-н, Житомирська обл., 11571","168","53","163","5","110","5","115","","0","110","5","115","4","111","1","2","0","0","1","31","36","40","0","29.10.12"
"180421","64","Житомирська область","клуб, актова зала
вул.Чкалова, 10А, с.Ковбащина, Коростенський р-н, Житомирська обл., 11571","248","64","245","13","171","13","184","","0","172","12","184","10","174","1","2","0","0","1","68","37","65","0","29.10.12"
"180422","64","Житомирська область","клуб, актова зала
вул.Центральна, 20А, с.Пугачівка, Коростенський р-н, Житомирська обл., 11571","200","81","191","30","91","28","119","","0","91","28","119","4","115","2","0","0","0","1","23","36","53","0","29.10.12"
"180423","64","Житомирська область","клуб, актова зала
вул.Центральна, 42А, с.Сантарка, Коростенський р-н, Житомирська обл., 11571","160","80","154","5","75","5","80","","0","75","5","80","0","80","1","2","0","1","1","12","21","42","0","29.10.12"
"180424","64","Житомирська область","школа, спортивна зала
вул.Центральна, 19, с.Холосне, Коростенський р-н, Житомирська обл., 11574","336","101","333","15","222","13","235","","0","222","13","235","9","226","1","3","3","1","0","54","114","50","0","29.10.12"
"180425","64","Житомирська область","школа, спортивна зала
вул.Шкільна, 4, с.Злобичі, Коростенський р-н, Житомирська обл., 11574","216","67","208","26","125","24","149","","0","125","24","149","1","148","2","5","0","0","0","41","53","47","0","29.10.12"
"180426","64","Житомирська область","клуб, актова зала
вул.Шляхівська, 11А, с.Нивки, Коростенський р-н, Житомирська обл., 11574","80","17","81","6","58","5","63","","0","58","5","63","0","63","0","0","3","0","0","16","29","14","1","29.10.12"
"180427","64","Житомирська область","клуб, актова зала
вул.Центральна, 50А, с.Ходаки, Коростенський р-н, Житомирська обл., 11540","200","37","204","22","141","22","163","","0","141","22","163","8","155","4","1","1","0","2","27","62","55","3","29.10.12"
"180428","64","Житомирська область","клуб, актова зала
вул.Центральна, 20А, с.Субине, Коростенський р-н, Житомирська обл., 11540","64","24","58","0","40","0","40","","0","40","0","40","0","40","0","1","0","1","0","12","14","12","0","29.10.12"
"180429","64","Житомирська область","клуб, актова зала
вул.Радянська, 8, с.Хотинівка, Коростенський р-н, Житомирська обл., 11544","392","135","382","33","229","28","257","","0","229","28","257","6","251","1","3","2","2","3","81","87","70","2","30.10.12"
"180430","64","Житомирська область","фельдшерський пункт, каб.2
вул.Злобицька, 1, с.Домолоч, Коростенський р-н, Житомирська обл., 11544","80","18","83","2","60","2","62","","0","60","2","62","2","60","0","3","1","0","0","16","30","10","0","29.10.12"
"180431","64","Житомирська область","школа, фойє
вул.Козака, 7, с.Іскорость, Коростенський р-н, Житомирська обл., 11544","216","83","211","14","119","14","133","","0","119","14","133","5","128","3","5","0","0","2","25","55","36","2","29.10.12"
"180432","64","Житомирська область","фельдшерський пункт, каб.2
вул.Центральна, 47А, с.Соболівка, Коростенський р-н, Житомирська обл., 11544","88","25","84","10","54","9","63","","0","54","9","63","2","61","0","2","1","1","1","27","12","17","0","01.11.12"
"180433","64","Житомирська область","клуб, актова зала
вул.Клубна, 26А, с.Розтяжин, Коростенський р-н, Житомирська обл., 11544","112","17","95","8","87","8","95","","0","87","8","95","2","93","0","7","1","0","0","32","32","20","1","29.10.12"
"180434","64","Житомирська область","сільрада, актова зала
вул.Гагаріна, 63А, с.Шершні, Коростенський р-н, Житомирська обл., 11581","216","50","213","21","147","19","166","","0","147","19","166","5","161","1","5","5","2","1","46","65","35","1","29.10.12"
"180435","64","Житомирська область","фельдшерський пункт, каб.1
вул.Центральна, 2А, с.Десятини, Коростенський р-н, Житомирська обл., 11581","64","22","64","5","37","5","42","","0","37","5","42","1","41","0","2","3","0","1","8","21","6","0","29.10.12"
"180436","64","Житомирська область","клуб, актова зала
вул.Центральна, 1А, с.Старики, Коростенський р-н, Житомирська обл., 11581","336","89","327","24","225","22","247","","0","225","22","247","8","239","4","14","5","3","0","73","99","40","1","29.10.12"
"180437","64","Житомирська область","сільрада, актова зала
вул.Площа Миру, 2, с.Щорсівка, Коростенський р-н, Житомирська обл., 11570","568","226","559","23","321","21","342","","0","321","21","342","8","334","7","10","2","4","7","67","142","94","1","29.10.12"
"180438","64","Житомирська область","дільнична лікарня, каб.1
вул.Наумова, 9, с.Ушомир, Коростенський р-н, Житомирська обл., 11571","32","9","23","0","23","0","23","","0","23","0","23","0","23","0","1","0","0","1","9","4","8","0","29.10.12"
"180439","64","Житомирська область","дільнична лікарня, фойє
вул.Першотравнева, 7, с.Васьковичі, Коростенський р-н, Житомирська обл., 11522","24","4","34","1","19","1","20","","0","19","1","20","0","20","2","1","0","0","0","5","7","5","0","28.10.12"
"180487","64","Житомирська область","районний будинок культури, фойє
вул.Горького, 12, смт Лугини, Лугинський р-н, Житомирська обл., 11301","1704","804","1676","18","886","14","900","","0","886","14","900","13","887","270","16","12","5","8","211","174","183","8","29.10.12"
"180488","64","Житомирська область","будинок дитячої творчості, актова зала
вул.Карла Маркса, 3, смт Лугини, Лугинський р-н, Житомирська обл., 11301","1584","722","1567","16","850","12","862","","0","850","12","862","17","845","273","18","15","4","5","211","176","138","5","29.10.12"
"180489","64","Житомирська область","районна санітарно-епідеміологічна служба, каб.1
вул.Армійська, 9, смт Лугини, Лугинський р-н, Житомирська обл., 11301","376","169","370","1","206","1","207","","0","206","1","207","4","203","55","2","1","1","0","33","90","20","1","28.10.12"
"180490","64","Житомирська область","клуб, фойє
вул.Колгоспна, 38А, с.Лугинки, Лугинський р-н, Житомирська обл., 11300","304","134","295","8","163","7","170","","0","163","7","170","1","169","22","0","0","3","0","39","85","19","1","29.10.12"
"180491","64","Житомирська область","школа, каб.1
вул.Залізнична, 19, с.Станційне, Лугинський р-н, Житомирська обл., 11300","304","129","299","5","170","5","175","","0","170","5","175","10","165","20","6","7","2","0","26","49","53","2","29.10.12"
"180492","64","Житомирська область","будинок культури, фойє
вул.Карла Маркса, 37, с.Липники, Лугинський р-н, Житомирська обл., 11320","1264","544","1237","27","696","24","720","","0","696","24","720","23","697","80","19","13","2","13","256","182","126","6","29.10.12"
"180493","64","Житомирська область","фельдшерський пункт, приймальня
вул.Центральна, 63, с.Березовий Груд, Лугинський р-н, Житомирська обл., 11342","96","32","91","8","57","7","64","","0","57","7","64","1","63","1","1","2","0","0","26","23","10","0","29.10.12"
"180494","64","Житомирська область","сільський клуб, каб.1
вул.Центральна, 31, с.Будо-Літки, Лугинський р-н, Житомирська обл., 11342","120","30","112","8","82","8","90","","0","82","8","90","4","86","4","1","0","1","1","23","35","21","0","28.10.12"
"180495","64","Житомирська область","будинок культури, фойє
вул.Центральна, 11, с.Радогоща, Лугинський р-н, Житомирська обл., 11343","224","53","223","23","149","22","171","","0","149","22","171","2","169","4","4","3","0","0","31","58","66","3","29.10.12"
"180496","64","Житомирська область","сільська рада, зала урочистих подій
вул.Молодіжна, 11, с.Старосілля, Лугинський р-н, Житомирська обл., 11330","304","120","298","13","173","11","184","","0","173","11","184","6","178","22","7","3","0","2","43","71","29","1","28.10.12"
"180497","64","Житомирська область","сільська рада, зала урочистих подій
вул.Шевченка, 59, с.Путиловичі, Лугинський р-н, Житомирська обл., 11341","560","181","554","23","359","20","379","","0","359","20","379","16","363","30","5","7","3","0","164","101","51","2","29.10.12"
"180498","64","Житомирська область","сільська рада, зала урочистих подій
вул.Центральна, 2, с.Остапи, Лугинський р-н, Житомирська обл., 11341","280","77","272","6","197","6","203","","0","197","6","203","4","199","1","4","3","1","0","83","57","47","3","29.10.12"
"180499","64","Житомирська область","сільська рада, зала урочистих подій
вул.Леніна, 45, с.Великий Дивлин, Лугинський р-н, Житомирська обл., 11331","560","212","554","26","322","26","348","","0","322","26","348","10","338","15","6","3","0","2","148","78","84","2","29.10.12"
"180500","64","Житомирська область","школа, каб.1
вул.Шевченко, 9, с.Малий Дивлин, Лугинський р-н, Житомирська обл., 11332","112","42","113","8","62","8","70","","0","62","8","70","1","69","15","0","4","0","0","24","18","8","0","29.10.12"
"180501","64","Житомирська область","магазин, каб.1
пров.Лісовий, 3, с.Вербівка, Лугинський р-н, Житомирська обл., 11331","80","25","76","6","49","6","55","","0","49","6","55","2","53","9","0","0","0","1","21","13","9","0","29.10.12"
"180502","64","Житомирська область","клуб, фойє
вул.Центральна, 56, с.Топільня, Лугинський р-н, Житомирська обл., 11310","288","85","282","16","187","16","203","","0","187","16","203","3","200","2","4","2","2","0","102","58","30","0","28.10.12"
"180503","64","Житомирська область","клуб, фойє
вул.Центральна, 18, с.Чапаєвка, Лугинський р-н, Житомирська обл., 11312","144","39","140","6","99","6","105","","0","99","6","105","7","98","0","2","0","1","2","50","35","6","2","28.10.12"
"180504","64","Житомирська область","сільська рада, зала урочистих подій
вул.Центральна, 31, с.Красностав, Лугинський р-н, Житомирська обл., 11335","336","134","335","7","197","5","202","","0","197","5","202","7","195","19","7","4","3","2","34","73","53","0","29.10.12"
"180505","64","Житомирська область","будинок культури, танцювальна зала
вул.Центральна, 78, с.Бовсуни, Лугинський р-н, Житомирська обл., 11323","688","249","677","12","428","11","439","","0","428","11","439","12","427","30","6","15","0","4","117","135","116","4","29.10.12"
"180506","64","Житомирська область","фельдшерський пункт, приймальня
вул.Колгоспна, 6, с.Солов’ї, Лугинський р-н, Житомирська обл., 11323","136","70","128","4","62","4","66","","0","62","4","66","7","59","5","1","0","0","3","18","19","12","1","28.10.12"
"180507","64","Житомирська область","сільська рада, зала урочистих подій
вул.Центральна, 57, с.Степанівка, Лугинський р-н, Житомирська обл., 11322","280","71","276","26","187","22","209","","0","187","22","209","4","205","4","2","3","0","1","126","21","48","0","29.10.12"
"180508","64","Житомирська область","сільська рада, зала урочистих подій
вул.Центральна, 80, с.Повч, Лугинський р-н, Житомирська обл., 11321","328","108","322","9","212","8","220","","0","212","8","220","5","215","14","1","3","2","4","60","76","54","1","29.10.12"
"180509","64","Житомирська область","сільська рада, зала урочистих подій
вул.Центральна, 5, с.Літки, Лугинський р-н, Житомирська обл., 11325","448","178","442","21","253","17","270","","0","253","17","270","4","266","54","10","26","2","2","76","50","46","0","28.10.12"
"180510","64","Житомирська область","сільська рада, зала урочистих подій
вул.Шкільна, 5, с.Кремне, Лугинський р-н, Житомирська обл., 11334","784","346","777","23","418","20","438","","0","418","20","438","13","425","17","11","6","4","4","151","111","119","2","29.10.12"
"180511","64","Житомирська область","будинок культури, фойє
вул.Заводська, 6, смт Жовтневе, Лугинський р-н, Житомирська обл., 11310","520","204","517","9","307","9","316","","0","307","9","316","3","313","10","5","9","0","6","117","77","82","7","28.10.12"
"180512","64","Житомирська область","сільська рада, зала урочистих подій
вул.Шкільна, 17, с.Калинівка, Лугинський р-н, Житомирська обл., 11340","480","221","478","23","244","15","259","","0","244","15","259","5","254","15","12","7","0","3","98","56","62","1","29.10.12"
"180513","64","Житомирська область","будинок культури, фойє
вул.Т.Шевченка, 56Б, с.Червона Волока, Лугинський р-н, Житомирська обл., 11313","736","252","727","12","472","12","484","","0","472","12","484","12","472","5","5","1","0","1","354","51","55","0","29.10.12"
"180514","64","Житомирська область","сільська рада, сесійна зала
вул.Шкільна, 27, с.Жеревці, Лугинський р-н, Житомирська обл., 11312","296","92","295","2","202","2","204","","0","202","2","204","5","199","2","4","4","0","1","109","47","32","0","29.10.12"
"180515","64","Житомирська область","клуб, каб.1
вул.Молодіжна, 15, с.Зарічка, Лугинський р-н, Житомирська обл., 11312","264","94","257","1","169","1","170","","0","169","1","170","3","167","3","10","2","1","0","94","42","15","0","29.10.12"
"180516","64","Житомирська область","клуб, каб.1
вул.Центральна, 39, с.Запілля, Лугинський р-н, Житомирська обл., 11312","248","84","243","1","163","1","164","","0","163","1","164","7","157","6","2","3","2","2","75","28","38","1","29.10.12"
"180517","64","Житомирська область","центральна районна лікарня, актова зала
вул.Червона Гірка, 23, смт Лугини, Лугинський р-н, Житомирська обл., 11301","96","71","38","5","23","2","25","","0","23","2","25","1","24","8","0","0","0","0","4","9","3","0","29.10.12"
"180518","64","Житомирська область","дільнична лікарня, фойє
вул.Садова, 1А, с.Липники, Лугинський р-н, Житомирська обл., 11320","16","0","20","0","16","0","16","","0","16","0","16","0","16","0","0","0","0","0","5","8","3","0","28.10.12"
"180707","64","Житомирська область","будинок культури, фойє
вул.Радянська, 46, м.Овруч, Овруцький р-н, Житомирська обл., 11101","1808","776","1797","30","1007","25","1032","","0","1007","25","1032","29","1003","7","17","6","33","128","229","243","331","9","29.10.12"
"180708","64","Житомирська область","гімназія, спортивна зала
вул.Франка, 7, м.Овруч, Овруцький р-н, Житомирська обл., 11101","1896","981","1856","25","892","23","915","","0","892","23","915","21","894","4","17","1","10","90","305","133","331","3","29.10.12"
"180709","64","Житомирська область","школа №1, фойє
вул.Франка, 33, м.Овруч, Овруцький р-н, Житомирська обл., 11101","2248","1087","2231","44","1127","34","1161","","0","1127","34","1161","23","1138","9","26","9","18","107","351","270","346","2","29.10.12"
"180710","64","Житомирська область","школа №4, їдальня
вул.Фрунзе, 11, м.Овруч, Овруцький р-н, Житомирська обл., 11101","2328","1123","2265","26","1185","20","1205","","0","1185","20","1205","46","1159","8","27","10","25","156","276","256","395","6","29.10.12"
"180711","64","Житомирська область","ВАТ ""Молочно-консервний комбінат"", актова зала
вул.Б.Хмельницького, 92, м.Овруч, Овруцький р-н, Житомирська обл., 11101","1104","557","1071","13","538","9","547","","0","538","9","547","20","527","5","22","1","5","40","139","123","191","1","29.10.12"
"180712","64","Житомирська область","комунгосп, актова зала
вул.Франка, 5, м.Овруч, Овруцький р-н, Житомирська обл., 11101","1336","708","1297","13","620","8","628","","0","620","8","628","20","608","5","19","9","9","61","117","175","210","3","29.10.12"
"180713","64","Житомирська область","центр дитячої та юнацької творчості, актова зала
вул.Радянська, 100, м.Овруч, Овруцький р-н, Житомирська обл., 11101","2408","1185","2362","21","1208","15","1223","","0","1208","15","1223","36","1187","9","25","6","22","98","279","364","377","7","29.10.12"
"180714","64","Житомирська область","будинок культури, актова зала
вул.Л.Українки, 1, с.Кирдани, Овруцький р-н, Житомирська обл., 11102","600","230","586","31","345","25","370","","0","345","25","370","14","356","4","6","2","10","18","60","133","118","5","29.10.12"
"180715","64","Житомирська область","клуб, актова зала
вул.Титова, 5, с.Корчівка, Овруцький р-н, Житомирська обл., 11102","328","115","326","21","193","20","213","","0","193","20","213","4","209","1","2","2","4","8","73","51","67","1","29.10.12"
"180716","64","Житомирська область","фельдшерський пункт, передпокій
вул.Т.Г.Шевченка, 4, с.Дубовий Гай, Овруцький р-н, Житомирська обл., 11102","456","185","449","13","260","11","271","","0","260","11","271","8","263","2","5","2","11","21","66","82","72","2","29.10.12"
"180717","64","Житомирська область","клуб, актова зала
вул.Центральна, 20, с.Потаповичі, Овруцький р-н, Житомирська обл., 11156","296","97","300","18","183","16","199","","0","183","16","199","8","191","0","2","0","1","23","51","68","45","1","29.10.12"
"180718","64","Житомирська область","будинок культури, актова зала
вул.Центральна, 23, с.Гошів, Овруцький р-н, Житомирська обл., 11156","504","194","498","37","275","35","310","","0","275","35","310","6","304","3","2","5","5","59","56","80","93","1","29.10.12"
"180719","64","Житомирська область","будинок культури, актова зала
вул.Леніна, 8, с.Ігнатпіль, Овруцький р-н, Житомирська обл., 11163","1352","651","1335","29","674","27","701","","0","674","27","701","17","684","11","14","11","8","36","188","143","271","2","29.10.12"
"180720","64","Житомирська область","клуб, актова зала
вул.Житомирська, 70, с.Павлюківка, Овруцький р-н, Житомирська обл., 11163","152","52","151","13","90","10","100","","0","90","10","100","3","97","1","1","0","0","6","7","70","12","0","29.10.12"
"180721","64","Житомирська область","клуб, актова зала
вул.Будівельників, 38, с.Білокамінка, Овруцький р-н, Житомирська обл., 11156","152","58","152","0","94","0","94","","0","94","0","94","3","91","3","5","1","0","10","8","43","20","1","28.10.12"
"180722","64","Житомирська область","сільська рада, обрядова зала
вул.Сергія Базильчука, 3, с.Піщаниця, Овруцький р-н, Житомирська обл., 11133","608","283","588","6","320","5","325","","0","320","5","325","8","317","2","3","2","2","15","33","118","141","1","29.10.12"
"180723","64","Житомирська область","клуб, актова зала
вул.Поліська, 2А, с.Поліське, Овруцький р-н, Житомирська обл., 11133","288","85","203","9","194","9","203","","0","194","9","203","5","198","0","3","2","3","8","33","97","52","0","29.10.12"
"180724","64","Житомирська область","клуб, актова зала
вул.Центральна, 60, с.Клинець, Овруцький р-н, Житомирська обл., 11133","160","43","159","17","101","16","117","","0","101","16","117","3","114","0","2","4","2","2","14","41","49","0","29.10.12"
"180725","64","Житомирська область","клуб, актова зала
вул.Центральна, 6А, с.Павловичі, Овруцький р-н, Житомирська обл., 11133","120","22","123","9","89","9","98","","0","89","9","98","1","97","0","0","0","0","3","32","44","18","0","29.10.12"
"180726","64","Житомирська область","будинок культури, фойє
вул.Центральна, 36А, с.Шоломки, Овруцький р-н, Житомирська обл., 11151","616","248","611","5","365","3","368","","0","365","3","368","8","360","2","14","9","2","26","43","162","102","0","29.10.12"
"180727","64","Житомирська область","клуб, фойє
вул.Центральна, 91А, с.Збраньки, Овруцький р-н, Житомирська обл., 11151","296","96","294","0","200","0","200","","0","200","0","200","9","191","2","4","6","1","10","51","62","50","5","28.10.12"
"180728","64","Житомирська область","клуб, фойє
вул.Заводська, 11, с.Слобода-Шоломківська, Овруцький р-н, Житомирська обл., 11151","480","204","473","1","275","1","276","","0","275","1","276","9","267","2","6","2","8","15","57","109","66","2","29.10.12"
"180729","64","Житомирська область","будинок для голосування, к.2
вул.Центральна, 31, с.Довгиничі, Овруцький р-н, Житомирська обл., 11151","40","14","39","1","25","1","26","","0","25","1","26","0","26","0","0","0","0","2","5","19","0","0","28.10.12"
"180730","64","Житомирська область","будинок культури, актова зала
вул.Перемоги, 21, с.Невгоди, Овруцький р-н, Житомирська обл., 11162","344","140","341","22","184","20","204","","0","184","20","204","8","196","2","5","0","4","17","28","90","50","0","29.10.12"
"180731","64","Житомирська область","сільська рада, зала засідань
вул.Молодіжна, 1, с.Можари, Овруцький р-н, Житомирська обл., 11130","616","207","606","32","384","25","409","","0","384","25","409","11","398","3","6","3","0","125","34","113","113","1","29.10.12"
"180732","64","Житомирська область","клуб, актова зала
вул.Сінча, 4, с.Верпа, Овруцький р-н, Житомирська обл., 11130","176","43","174","15","119","14","133","","0","119","14","133","1","132","2","3","3","4","34","17","44","25","0","29.10.12"
"180733","64","Житомирська область","будинок культури, актова зала
вул.Бігунська, 30, с.Бігунь, Овруцький р-н, Житомирська обл., 11124","1128","494","1113","26","608","26","634","","0","608","26","634","23","611","6","13","9","7","52","102","195","223","4","29.10.12"
"180734","64","Житомирська область","клуб, актова зала
вул.П.А.Рослика, 24А, с.Селезівка, Овруцький р-н, Житомирська обл., 11109","160","32","160","5","123","5","128","","0","123","5","128","2","126","0","0","0","0","1","30","43","52","0","28.10.12"
"180735","64","Житомирська область","клуб, актова зала
вул.Гора, 27, с.Лучанки, Овруцький р-н, Житомирська обл., 11108","336","111","330","22","207","18","225","","0","207","18","225","4","221","1","3","2","14","11","61","34","95","0","29.10.12"
"180736","64","Житомирська область","клуб, актова зала
вул.Центральна, 57, с.Возничі, Овруцький р-н, Житомирська обл., 11108","168","57","162","1","110","1","111","","0","110","1","111","5","106","1","1","3","1","15","7","38","40","0","29.10.12"
"180737","64","Житомирська область","будинок культури, актова зала
вул.Центральна, 27, с.Городець, Овруцький р-н, Житомирська обл., 11125","488","142","473","21","325","21","346","","0","325","21","346","5","341","3","7","5","2","35","57","71","159","2","28.10.12"
"180738","64","Житомирська область","школа, спортивна зала
вул.Центральна, 74, с.Сирниця, Овруцький р-н, Житомирська обл., 11109","224","51","222","17","156","17","173","","0","156","17","173","2","171","1","1","1","1","5","46","78","38","0","29.10.12"
"180739","64","Житомирська область","сільська рада, зала засідань
вул.Шкільна, 24, с.Рудня, Овруцький р-н, Житомирська обл., 11110","72","18","65","10","44","10","54","","0","44","10","54","0","54","0","0","0","0","1","3","43","7","0","29.10.12"
"180740","64","Житомирська область","клуб, актова зала
вул.Заводська, 17, с.Бережесть, Овруцький р-н, Житомирська обл., 11110","136","36","135","9","91","9","100","","0","91","9","100","4","96","0","0","1","0","8","11","54","20","2","29.10.12"
"180741","64","Житомирська область","клуб, актова зала
вул.Лісова, 16А, с.Прилуки, Овруцький р-н, Житомирська обл., 11110","264","86","250","8","170","8","178","","0","170","8","178","3","175","1","12","1","0","9","21","92","39","0","29.10.12"
"180742","64","Житомирська область","клуб, актова зала
вул.Червоноармійська, 28А, с.Антоновичі, Овруцький р-н, Житомирська обл., 11122","416","178","413","7","231","7","238","","0","231","7","238","14","224","2","2","1","1","34","41","78","64","1","28.10.12"
"180743","64","Житомирська область","школа, спортивна зала
вул.Леніна, 24, с.Словечне, Овруцький р-н, Житомирська обл., 11122","1200","594","1173","18","588","18","606","","0","588","18","606","11","595","1","7","5","4","73","121","176","207","1","29.10.12"
"180744","64","Житомирська область","клуб, актова зала
вул.Леніна, 35, с.Тхорин, Овруцький р-н, Житомирська обл., 11122","856","323","847","41","493","40","533","","0","493","40","533","17","516","5","8","12","11","28","48","173","228","3","29.10.12"
"180745","64","Житомирська область","будинок культури, фойє
вул.Нова, 5, с.Покалів, Овруцький р-н, Житомирська обл., 11132","400","109","393","26","265","26","291","","0","265","26","291","11","280","0","2","1","3","8","25","73","167","1","29.10.12"
"180746","64","Житомирська область","клуб, актова зала
вул.Сонячна, 70, с.Полохачів, Овруцький р-н, Житомирська обл., 11132","200","39","193","15","148","13","161","","0","148","13","161","3","158","0","2","1","0","8","34","64","49","0","28.10.12"
"180747","64","Житомирська область","клуб, актова зала
вул.Зелений Гай, 3, с.Коптівщина, Овруцький р-н, Житомирська обл., 11132","312","95","310","40","179","38","217","","0","179","38","217","9","208","1","2","2","1","13","51","77","61","0","29.10.12"
"180748","64","Житомирська область","клуб, фойє
вул.Центральна, 69, с.Дівошин, Овруцький р-н, Житомирська обл., 11108","168","39","169","24","107","22","129","","0","107","22","129","5","124","2","1","2","0","5","24","51","39","0","29.10.12"
"180749","64","Житомирська область","клуб, актова зала
вул.Центральна, 11, с.Гаєвичі, Овруцький р-н, Житомирська обл., 11132","208","61","207","15","133","14","147","","0","133","14","147","2","145","2","2","2","2","8","16","61","51","1","28.10.12"
"180750","64","Житомирська область","клуб, актова зала
вул.Центральна, 3, с.Скребеличі, Овруцький р-н, Житомирська обл., 11132","192","51","189","11","132","9","141","","0","132","9","141","3","138","1","2","0","1","3","27","33","71","0","29.10.12"
"180751","64","Житомирська область","будинок культури, актова зала
вул.Перемоги, 3, с.Листвин, Овруцький р-н, Житомирська обл., 11140","1080","393","1049","28","663","24","687","","0","663","24","687","17","670","10","6","6","9","54","111","199","274","1","29.10.12"
"180752","64","Житомирська область","фельдшерський пункт, передпокій
вул.Лісова, 11А, с.Рокитне, Овруцький р-н, Житомирська обл., 11126","24","0","35","0","24","0","24","","0","24","0","24","0","24","0","1","0","0","0","3","11","9","0","29.10.12"
"180753","64","Житомирська область","будинок культури, актова зала
вул.Центральна, 120, с.Заріччя, Овруцький р-н, Житомирська обл., 11101","1112","549","1094","66","515","48","563","","0","515","48","563","22","541","2","23","6","17","48","96","154","191","4","29.10.12"
"180754","64","Житомирська область","клуб, актова зала
вул.Радянська, 20, с.Острів, Овруцький р-н, Житомирська обл., 11101","384","174","385","28","184","26","210","","0","184","26","210","12","198","2","4","6","2","26","35","50","73","0","29.10.12"
"180755","64","Житомирська область","клуб, актова зала
вул.Центральна, 113А, с.Черепин, Овруцький р-н, Житомирська обл., 11136","248","57","232","23","169","22","191","","0","169","22","191","4","187","1","2","1","0","6","55","68","54","0","29.10.12"
"180756","64","Житомирська область","клуб, актова зала
вул.Центральна, 39А, с.Черепинки, Овруцький р-н, Житомирська обл., 11136","80","33","72","5","42","5","47","","0","42","5","47","5","42","0","2","0","0","0","8","25","7","0","29.10.12"
"180757","64","Житомирська область","фельдшерський пункт, передпокій
вул.Центральна, 25А, с.Коренівка, Овруцький р-н, Житомирська обл., 11136","144","23","150","16","108","13","121","","0","108","13","121","1","120","0","0","1","1","2","19","41","53","3","28.10.12"
"180758","64","Житомирська область","фельдшерський пункт, передпокій
вул.Молодіжна, 43А, с.Лукішки, Овруцький р-н, Житомирська обл., 11100","224","92","219","11","122","10","132","","0","122","10","132","2","130","1","0","0","7","24","21","46","29","2","29.10.12"
"180759","64","Житомирська область","клуб, актова зала
вул.Центральна, 2А, с.Заськи, Овруцький р-н, Житомирська обл., 11102","248","71","242","8","171","6","177","","0","171","6","177","1","176","0","0","5","2","19","34","36","80","0","29.10.12"
"180760","64","Житомирська область","будинок культури, актова зала
вул.Центральна, 3, с.Левковичі, Овруцький р-н, Житомирська обл., 11134","624","222","604","33","372","30","402","","0","372","30","402","8","394","1","1","1","0","220","30","115","26","0","29.10.12"
"180761","64","Житомирська область","клуб, актова зала
вул.Центральна, 8, с.Острови, Овруцький р-н, Житомирська обл., 11108","88","21","86","14","53","14","67","","0","53","14","67","2","65","0","0","0","0","9","7","40","9","0","29.10.12"
"180762","64","Житомирська область","будинок культури, актова зала
вул.Центральна, 2Б, с.Норинськ, Овруцький р-н, Житомирська обл., 11154","1064","415","1056","55","599","50","649","","0","599","50","649","25","624","4","10","2","2","18","143","152","289","4","29.10.12"
"180763","64","Житомирська область","сільська рада, зала засідань
вул.Центральна, 1, с.Усове, Овруцький р-н, Житомирська обл., 11126","112","24","104","0","88","0","88","","0","88","0","88","2","86","0","0","0","0","0","15","40","31","0","29.10.12"
"180764","64","Житомирська область","будинок для голосування, к.2
вул.Молодіжна, 17, с.Переброди, Овруцький р-н, Житомирська обл., 11126","80","31","79","3","46","3","49","","0","46","3","49","1","48","0","0","1","0","1","10","30","6","0","29.10.12"
"180765","64","Житомирська область","клуб, актова зала
вул.Молодіжна, 17, с.Кованка, Овруцький р-н, Житомирська обл., 11126","152","36","146","5","111","5","116","","0","111","5","116","5","111","1","0","0","0","4","44","51","11","0","29.10.12"
"180766","64","Житомирська область","клуб, актова зала
вул.Миру, 54, с.Підруддя, Овруцький р-н, Житомирська обл., 11116","656","264","626","10","382","10","392","","0","382","10","392","13","379","0","5","4","6","34","90","122","117","1","30.10.12"
"180767","64","Житомирська область","клуб, актова зала
вул.Колгоспна, 2, с.Яцковичі, Овруцький р-н, Житомирська обл., 11116","128","30","138","5","93","5","98","","0","93","5","98","2","96","0","3","1","0","3","9","31","49","0","29.10.12"
"180768","64","Житомирська область","клуб, актова зала
вул.Польова, 12, с.Колосівка, Овруцький р-н, Житомирська обл., 11116","96","21","93","6","69","6","75","","0","69","6","75","4","71","1","2","1","0","5","15","26","21","0","29.10.12"
"180769","64","Житомирська область","будинок культури, актова зала
вул.Центральна, 13Б, с.Нові Велідники, Овруцький р-н, Житомирська обл., 11143","544","157","540","32","355","32","387","","0","355","32","387","12","375","6","3","6","2","16","86","133","120","3","29.10.12"
"180770","64","Житомирська область","будинок культури, актова зала
вул.Центральна, 136Б, с.Красилівка, Овруцький р-н, Житомирська обл., 11146","600","159","591","54","387","54","441","","0","387","54","441","6","435","1","6","5","2","17","89","111","202","2","29.10.12"
"180771","64","Житомирська область","школа, спортивна зала
вул.Садова, 7Б, с.Прибитки, Овруцький р-н, Житомирська обл., 11126","392","83","387","57","259","50","309","","0","259","50","309","6","303","1","1","1","1","6","74","130","89","0","29.10.12"
"180772","64","Житомирська область","клуб, актова зала
вул.Молодіжна, 13А, с.Старі Велідники, Овруцький р-н, Житомирська обл., 11143","280","54","273","19","208","18","226","","0","208","18","226","2","224","3","3","0","0","11","55","88","64","0","29.10.12"
"180773","64","Житомирська область","клуб, актова зала
вул.Молодіжна, 33Б, с.Сорокопень, Овруцький р-н, Житомирська обл., 11143","176","43","168","15","119","14","133","","0","119","14","133","2","131","2","0","2","1","6","10","73","37","0","29.10.12"
"180774","64","Житомирська область","клуб, актова зала
вул.Шляхова, 9, с.Іллімка, Овруцький р-н, Житомирська обл., 11143","96","23","98","5","68","5","73","","0","68","5","73","0","73","1","0","1","0","0","10","45","16","0","29.10.12"
"180775","64","Житомирська область","клуб, актова зала
вул.8 Березня, 13А, с.Чабан, Овруцький р-н, Житомирська обл., 11146","72","12","72","0","60","0","60","","0","60","0","60","3","57","0","0","1","0","2","7","25","22","0","29.10.12"
"180776","64","Житомирська область","клуб, актова зала
вул.Шкільна, 22А, с.Великі Мошки, Овруцький р-н, Житомирська обл., 11160","152","40","143","14","98","14","112","","0","98","14","112","4","108","0","1","2","0","3","40","54","8","0","29.10.12"
"180777","64","Житомирська область","клуб, актова зала
вул.Паризької комуни, 16, с.Гуничі, Овруцький р-н, Житомирська обл., 11160","296","117","179","6","173","6","179","","0","173","6","179","6","173","1","4","3","1","8","45","65","46","0","29.10.12"
"180778","64","Житомирська область","будинок культури, актова зала
вул.1-го Травня, 40, с.Раківщина, Овруцький р-н, Житомирська обл., 11160","328","113","318","18","198","17","215","","0","198","17","215","6","209","3","0","2","2","7","66","44","85","0","29.10.12"
"180779","64","Житомирська область","клуб, актова зала
вул.Н.Репкіна, 6Б, с.Гладковичі, Овруцький р-н, Житомирська обл., 11115","584","178","573","18","391","15","406","","0","391","15","406","6","400","3","1","2","1","13","22","68","290","0","29.10.12"
"180780","64","Житомирська область","школа, їдальня
вул.Київська, 80, с.Гладковичі, Овруцький р-н, Житомирська обл., 11115","616","236","604","11","371","9","380","","0","371","9","380","10","370","0","5","3","0","5","70","29","258","0","29.10.12"
"180781","64","Житомирська область","бібліотека, к.1
вул.Правди, 20, с.Радчиці, Овруцький р-н, Житомирська обл., 11106","464","223","449","5","236","5","241","","0","236","5","241","7","234","2","6","3","1","13","31","69","108","1","29.10.12"
"180782","64","Житомирська область","клуб, актова зала
вул.Сташківська, 15А, с.Сташки, Овруцький р-н, Житомирська обл., 11103","472","219","462","8","245","8","253","","0","245","8","253","7","246","2","9","4","2","10","23","108","85","3","29.10.12"
"180783","64","Житомирська область","будинок культури, актова зала
вул.М.Ващука, 47Г, с.Велика Хайча, Овруцький р-н, Житомирська обл., 11150","640","200","626","31","411","29","440","","0","411","29","440","11","429","6","11","5","4","54","73","124","148","4","29.10.12"
"180784","64","Житомирська область","фельдшерський пункт, передпокій
вул.Церковна, 22, с.Великий Кобилин, Овруцький р-н, Житомирська обл., 11150","304","140","309","15","155","9","164","","0","155","9","164","4","160","1","1","3","2","8","29","60","54","2","29.10.12"
"180785","64","Житомирська область","фельдшерський пункт, передпокій
вул.Центральна, 47А, с.Мала Хайча, Овруцький р-н, Житомирська обл., 11150","248","88","246","9","151","9","160","","0","151","9","160","1","159","0","0","2","1","4","45","28","79","0","29.10.12"
"180786","64","Житомирська область","будинок культури, актова зала
вул.Паркова, 2, с.Слобода, Овруцький р-н, Житомирська обл., 11108","184","51","168","7","126","7","133","","0","126","7","133","1","132","2","0","1","1","6","24","54","44","0","29.10.12"
"180787","64","Житомирська область","клуб, актова зала
вул.Ясеньова, 24, с.Ясенець, Овруцький р-н, Житомирська обл., 11108","128","36","121","10","82","10","92","","0","82","10","92","0","92","1","1","0","0","7","17","50","15","1","29.10.12"
"180788","64","Житомирська область","клуб, актова зала
вул.Зелена, 15А, с.Нижня Рудня, Овруцький р-н, Житомирська обл., 11108","80","34","72","4","44","2","46","","0","44","2","46","0","46","0","1","1","0","1","6","24","13","0","29.10.12"
"180789","64","Житомирська область","будинок культури, актова зала
вул.Центральна, 5, с.Велика Фосня, Овруцький р-н, Житомирська обл., 11161","888","379","877","85","428","81","509","","0","428","81","509","21","488","3","13","9","5","34","117","143","163","1","29.10.12"
"180790","64","Житомирська область","сільська рада, депутатська кімната
вул.Лісова, 35, с.Личмани, Овруцький р-н, Житомирська обл., 11110","56","20","53","7","29","7","36","","0","29","7","36","4","32","0","0","1","0","3","4","15","9","0","29.10.12"
"180791","64","Житомирська область","школа, фойє
вул.Шкільна, 3, с.Хлупляни, Овруцький р-н, Житомирська обл., 11131","272","67","269","30","178","27","205","","0","178","27","205","5","200","0","2","0","1","12","28","75","82","0","29.10.12"
"180792","64","Житомирська область","фельдшерський пункт, передпокій
вул.Лесі Українки, 50, с.Оленичі, Овруцький р-н, Житомирська обл., 11131","232","71","227","12","150","11","161","","0","150","11","161","3","158","0","0","3","1","5","29","40","80","0","29.10.12"
"180793","64","Житомирська область","бібліотека, к.2
вул.І.Франка, 31, с.Стугівщина, Овруцький р-н, Житомирська обл., 11131","144","32","134","23","90","22","112","","0","90","22","112","0","112","0","1","1","2","5","20","50","33","0","29.10.12"
"180794","64","Житомирська область","будинок культури, актова зала
вул.Центральна, 28, с.Черевки, Овруцький р-н, Житомирська обл., 11141","288","48","286","20","222","18","240","","0","222","18","240","0","240","2","2","1","1","12","51","130","41","0","29.10.12"
"180795","64","Житомирська область","школа, фойє
вул.Центральна, 32, с.Білка, Овруцький р-н, Житомирська обл., 11141","312","71","313","33","214","27","241","","0","214","27","241","5","236","0","5","0","2","14","52","69","91","3","29.10.12"
"180796","64","Житомирська область","будинок культури, актова зала
вул.Житомирська, 14, с.Велика Чернігівка, Овруцький р-н, Житомирська обл., 11117","512","223","501","22","267","22","289","","0","267","22","289","10","279","4","0","3","2","19","60","123","68","0","29.10.12"
"180797","64","Житомирська область","клуб, актова зала
вул.Центральна, 26, с.Богданівка, Овруцький р-н, Житомирська обл., 11117","144","39","140","10","96","9","105","","0","96","9","105","5","100","0","3","0","0","8","32","42","15","0","29.10.12"
"180798","64","Житомирська область","клуб, актова зала
вул.Центральна, 48, с.Мамеч, Овруцький р-н, Житомирська обл., 11117","64","25","63","5","35","4","39","","0","35","4","39","2","37","0","0","1","1","5","5","10","15","0","29.10.12"
"180799","64","Житомирська область","музична школа, актова зала
вул.Сагалевича, 8/10, смт Першотравневе, Овруцький р-н, Житомирська обл., 11114","2064","1039","2036","29","1000","25","1025","","0","1000","25","1025","22","1003","8","14","9","10","48","198","176","536","4","29.10.12"
"180800","64","Житомирська область","школа, актова зала
вул.Шкільна, 10, с.Бондарі, Овруцький р-н, Житомирська обл., 11152","680","304","686","14","366","10","376","","0","366","10","376","14","362","3","4","5","5","30","65","121","128","1","29.10.12"
"180801","64","Житомирська область","клуб, актова зала
вул.Приозерна, 5А, с.Красносілка, Овруцький р-н, Житомирська обл., 11152","280","114","269","6","160","6","166","","0","160","6","166","3","163","2","9","0","0","36","11","64","37","4","29.10.12"
"180802","64","Житомирська область","клуб, актова зала
вул.Центральна, 57, с.Бондарівка, Овруцький р-н, Житомирська обл., 11152","144","35","138","4","105","4","109","","0","105","4","109","6","103","0","2","5","2","8","12","45","28","1","29.10.12"
"180803","64","Житомирська область","районна лікарня, їдальня
вул.Радянська, 106, м.Овруч, Овруцький р-н, Житомирська обл., 11104","216","160","59","21","37","19","56","","0","37","19","56","3","53","1","2","1","2","5","9","17","16","0","29.10.12"
"180804","64","Житомирська область","денний стаціонар, холл
вул.Госпітальна, 47, с.Словечне, Овруцький р-н, Житомирська обл., 11122","72","42","30","0","30","0","30","","0","30","0","30","0","30","0","1","0","0","5","3","13","8","0","28.10.12"
"180805","64","Житомирська область","Житомирська обласна психіатрична лікарня №2 Житомирської облас, адміністративний корпус
вул.Молодіжна, 1, с.Прилуки, Овруцький р-н, Житомирська обл., 11110","256","186","174","0","70","0","70","","0","70","0","70","7","63","1","7","3","9","6","4","20","12","1","29.10.12"
"180806","64","Житомирська область","селищна рада, зала засідань
вул.Жовтнева, 2, смт Бучмани, Олевський р-н, Житомирська обл., 11056","640","255","630","19","367","18","385","","0","367","18","385","7","378","11","5","3","1","7","154","152","43","2","29.10.12"
"180807","64","Житомирська область","школа, фойє
вул.Червоноармійська, 4, смт Дружба, Олевський р-н, Житомирська обл., 11024","432","197","416","0","235","0","235","","0","235","0","235","11","224","2","2","1","0","6","73","76","63","1","29.10.12"
"180808","64","Житомирська область","фельдшерсько-акушерський пункт, фойє
пл.Перемоги, 16, смт Діброва, Олевський р-н, Житомирська обл., 11024","56","8","58","0","48","0","48","","0","48","0","48","2","46","0","0","1","0","0","19","17","8","1","29.10.12"
"180809","64","Житомирська область","школа, фойє
вул.Заводська, 1, смт Новоозерянка, Олевський р-н, Житомирська обл., 11021","456","188","444","3","266","2","268","","0","266","2","268","2","266","6","1","4","1","2","80","99","71","2","29.10.12"
"180810","64","Житомирська область","клуб, кінозала
вул.Центральна, 7, с.Озеряни, Олевський р-н, Житомирська обл., 11021","208","42","201","16","150","16","166","","0","150","16","166","4","162","4","7","3","1","1","40","56","50","0","29.10.12"
"180811","64","Житомирська область","клуб, кінозала
вул.Миру, 1, с.Рудня-Озерянська, Олевський р-н, Житомирська обл., 11021","144","23","140","3","118","3","121","","0","118","3","121","10","111","0","0","0","0","0","32","61","18","0","29.10.12"
"180812","64","Житомирська область","селищна рада, зала засідань
вул.Привокзальна, 39, смт Нові Білокоровичі, Олевський р-н, Житомирська обл., 11051","1080","566","1050","17","497","17","514","","0","497","17","514","21","493","12","11","8","7","17","162","136","139","1","29.10.12"
"180813","64","Житомирська область","будинок культури, актова зала
вул.Фрунзе, 8, смт Нові Білокоровичі, Олевський р-н, Житомирська обл., 11052","1288","691","1280","8","594","3","597","","0","594","3","597","20","577","24","5","2","1","17","244","142","137","5","29.10.12"
"180814","64","Житомирська область","клуб, кінозала
вул.Леніна, 32, с.Стовпинка, Олевський р-н, Житомирська обл., 11041","456","146","450","20","290","20","310","","0","290","20","310","11","299","1","4","5","2","6","85","126","63","7","29.10.12"
"180815","64","Житомирська область","клуб, кінозала
вул.Леніна, 7, с.Держанівка, Олевський р-н, Житомирська обл., 11041","32","5","32","0","27","0","27","","0","27","0","27","1","26","0","0","0","0","0","3","17","6","0","31.10.12"
"180816","64","Житомирська область","будинок культури, танцювальна зала
вул.Житомирська, 42, с.Зубковичі, Олевський р-н, Житомирська обл., 11043","1104","443","1097","14","647","14","661","","0","647","14","661","15","646","9","13","20","12","11","105","238","208","30","29.10.12"
"180817","64","Житомирська область","будинок культури, танцювальна зала
вул.Леніна, 12, с.Замисловичі, Олевський р-н, Житомирська обл., 11020","568","214","553","7","347","7","354","","0","347","7","354","12","342","5","6","5","3","8","47","192","73","3","29.10.12"
"180818","64","Житомирська область","Замисловицьке лісництво, зала засідань
вул.Ватутіна, 19, с.Рудня-Замисловицька, Олевський р-н, Житомирська обл., 11020","56","8","57","1","47","1","48","","0","47","1","48","0","48","0","0","0","0","1","7","38","2","0","29.10.12"
"180819","64","Житомирська область","клуб, танцювальна зала
вул.Партизанська, 36, с.Устинівка, Олевський р-н, Житомирська обл., 11020","88","25","84","2","61","2","63","","0","61","2","63","0","63","0","2","0","0","0","10","44","7","0","29.10.12"
"180820","64","Житомирська область","адмінбудівля лісгоспу, зала засідань
вул.Центральна, 2, с.Шебедиха, Олевський р-н, Житомирська обл., 11020","48","15","42","1","32","1","33","","0","32","1","33","2","31","0","0","1","0","0","8","19","3","0","29.10.12"
"180821","64","Житомирська область","будинок культури, танцювальна зала
вул.Центральна, 92, с.Кам’янка, Олевський р-н, Житомирська обл., 11033","1064","386","1038","16","662","16","678","","0","662","16","678","18","660","11","20","10","5","6","86","297","220","5","29.10.12"
"180822","64","Житомирська область","фельдшерсько-акушерський пункт, процедурний кабінет
вул.Лісова, 9, с.Лісове, Олевський р-н, Житомирська обл., 11033","56","10","53","5","41","5","46","","0","41","5","46","0","46","0","0","2","1","2","6","23","12","0","29.10.12"
"180823","64","Житомирська область","сільська рада, зала засідань
вул.Малікова, 48А, с.Хочине, Олевський р-н, Житомирська обл., 11011","400","132","391","14","254","14","268","","0","254","14","268","4","264","1","3","2","6","3","64","77","107","1","29.10.12"
"180824","64","Житомирська область","лікарська амбулаторія, актова зала
вул.Комсомольська, 71, с.Рудня-Хочинська, Олевський р-н, Житомирська обл., 11011","176","45","172","6","125","6","131","","0","125","6","131","4","127","1","1","4","2","1","48","47","22","1","29.10.12"
"180825","64","Житомирська область","клуб, фойє
вул.Комсомольська, 1, с.Перга, Олевський р-н, Житомирська обл., 11012","248","63","243","4","181","4","185","","0","181","4","185","2","183","2","6","3","1","2","72","61","34","2","29.10.12"
"180826","64","Житомирська область","клуб, танцювальна зала
вул.Зарічна, 12А, с.Рудня-Перганська, Олевський р-н, Житомирська обл., 11011","48","11","45","0","37","0","37","","0","37","0","37","0","37","0","0","0","0","0","9","27","1","0","29.10.12"
"180827","64","Житомирська область","клуб, танцювальна зала
вул.Леніна, 15, с.Сущани, Олевський р-н, Житомирська обл., 11016","760","241","769","6","514","5","519","","0","514","5","519","12","507","7","10","7","7","6","110","240","114","6","29.10.12"
"180828","64","Житомирська область","клуб, танцювальна зала
вул.Леніна, 17, с.Андріївка, Олевський р-н, Житомирська обл., 11016","160","41","155","0","119","0","119","","0","119","0","119","4","115","1","3","2","1","0","19","72","17","0","29.10.12"
"180829","64","Житомирська область","будинок культури, фойє
вул.Леніна, 55, с.Кишин, Олевський р-н, Житомирська обл., 11040","1200","440","1202","45","716","44","760","","0","716","44","760","22","738","10","16","14","28","15","152","302","197","4","29.10.12"
"180830","64","Житомирська область","клуб, фойє
вул.Миру, 52, с.Забороче, Олевський р-н, Житомирська обл., 11040","216","51","211","0","165","0","165","","0","165","0","165","9","156","0","0","2","1","2","29","72","48","2","29.10.12"
"180831","64","Житомирська область","школа, спортивна зала
вул.Матросова, 1, с.Болярка, Олевський р-н, Житомирська обл., 11040","112","25","111","1","86","1","87","","0","86","1","87","2","85","1","2","2","1","0","10","50","18","1","29.10.12"
"180832","64","Житомирська область","клуб, танцювальна зала
вул.Житомирська, 1, с.Рудня-Бистра, Олевський р-н, Житомирська обл., 11031","264","71","260","3","190","3","193","","0","190","3","193","6","187","3","6","5","6","4","35","95","30","3","29.10.12"
"180833","64","Житомирська область","будинок культури, танцювальна зала
вул.К.Зеленка, 16, с.Корощине, Олевський р-н, Житомирська обл., 11031","528","139","524","31","358","31","389","","0","358","31","389","9","380","2","18","6","3","11","45","234","58","3","29.10.12"
"180834","64","Житомирська область","клуб, танцювальна зала
вул.Калініна, 45А, с.Варварівка, Олевський р-н, Житомирська обл., 11031","744","253","735","16","479","12","491","","0","479","12","491","15","476","2","14","13","2","11","88","206","136","4","29.10.12"
"180835","64","Житомирська область","будинок культури, танцювальна зала
вул.Партизанська, 50, с.Копище, Олевський р-н, Житомирська обл., 11010","624","190","617","10","424","10","434","","0","424","10","434","5","429","5","12","8","5","3","126","154","111","5","29.10.12"
"180836","64","Житомирська область","школа, кабінет української мови
вул.Шведа, 1, с.Майдан-Копищенський, Олевський р-н, Житомирська обл., 11010","256","75","254","0","181","0","181","","0","181","0","181","1","180","0","3","3","2","0","66","48","57","1","29.10.12"
"180837","64","Житомирська область","клуб, танцювальна зала
вул.8-Березня, 27А, с.Комсомольське, Олевський р-н, Житомирська обл., 11015","520","178","508","14","328","14","342","","0","328","14","342","18","324","4","4","8","7","2","98","120","73","8","29.10.12"
"180838","64","Житомирська область","школа, каб.1
вул.Миру, 12А, с.Будки, Олевський р-н, Житомирська обл., 11002","192","73","188","8","111","8","119","","0","111","8","119","2","117","3","6","3","1","0","20","65","19","0","29.10.12"
"180839","64","Житомирська область","клуб, танцювальна зала
вул.Рад, 12А, с.Михайлівка, Олевський р-н, Житомирська обл., 11015","184","38","178","3","143","3","146","","0","143","3","146","6","140","2","2","4","2","2","27","66","34","1","29.10.12"
"180840","64","Житомирська область","клуб, танцювальна зала
вул.Партизанська, 31А, с.Млинок, Олевський р-н, Житомирська обл., 11015","88","31","85","0","57","0","57","","0","57","0","57","4","53","1","0","1","0","0","20","18","13","0","29.10.12"
"180841","64","Житомирська область","будинок культури, фойє
вул.Левчука, 39А, с.Тепениця, Олевський р-н, Житомирська обл., 11030","728","253","727","9","466","9","475","","0","466","9","475","16","459","4","6","10","5","4","98","195","134","3","29.10.12"
"180842","64","Житомирська область","магазин райспоживспілки, торгова зала
вул.Радянська, 26А, с.Соснівка, Олевський р-н, Житомирська обл., 11001","288","122","281","8","158","8","166","","0","158","8","166","6","160","2","3","1","1","1","29","86","33","4","29.10.12"
"180843","64","Житомирська область","клуб, танцювальна зала
вул.Центральна, 33А, с.Обище, Олевський р-н, Житомирська обл., 11030","192","54","185","6","132","6","138","","0","132","6","138","10","128","1","1","4","1","1","14","56","47","3","29.10.12"
"180844","64","Житомирська область","клуб, танцювальна зала
вул.Лісова, 106А, с.Хмелівка, Олевський р-н, Житомирська обл., 11002","256","78","250","6","173","5","178","","0","173","5","178","5","173","2","1","4","4","3","26","88","43","2","29.10.12"
"180845","64","Житомирська область","клуб, танцювальна зала
вул.Гагаріна, 15, с.Артинськ, Олевський р-н, Житомирська обл., 11030","168","39","164","0","129","0","129","","0","129","0","129","3","126","3","3","1","0","0","32","62","21","4","31.10.12"
"180846","64","Житомирська область","клуб, танцювальна зала
вул.Леніна, 59А, с.Майдан, Олевський р-н, Житомирська обл., 11036","304","63","304","9","233","8","241","","0","233","8","241","11","230","3","2","9","5","3","53","114","40","1","29.10.12"
"180847","64","Житомирська область","клуб, танцювальна зала
вул.Щорса, 16Б, с.Сарнівка, Олевський р-н, Житомирська обл., 11036","160","31","159","6","123","6","129","","0","123","6","129","8","121","0","2","1","1","2","44","50","21","0","29.10.12"
"180848","64","Житомирська область","клуб, танцювальна зала
вул.Жовтнева, 16В, с.Джерело, Олевський р-н, Житомирська обл., 11036","104","28","100","6","70","6","76","","0","70","6","76","4","72","1","5","0","0","0","17","31","18","0","29.10.12"
"180849","64","Житомирська область","школа, каб.1, 2
пл.Перемоги, 3, с.Зольня, Олевський р-н, Житомирська обл., 11035","328","88","321","12","229","11","240","","0","229","11","240","5","235","2","9","1","1","0","47","107","67","1","29.10.12"
"180850","64","Житомирська область","клуб, актова зала
вул.Перемоги, 22, с.Ковалівка, Олевський р-н, Житомирська обл., 11035","112","22","114","7","83","7","90","","0","83","7","90","1","89","2","0","1","1","0","17","55","13","0","29.10.12"
"180851","64","Житомирська область","школа, фойє
вул.Першотравнева, 5, с.Сердюки, Олевський р-н, Житомирська обл., 11035","248","78","244","9","161","9","170","","0","161","9","170","4","166","2","1","4","1","2","38","92","24","2","29.10.12"
"180852","64","Житомирська область","сільська рада, зала засідань
вул.Московська, 2А, с.Радовель, Олевський р-н, Житомирська обл., 11025","1016","366","1006","45","609","41","650","","0","609","41","650","15","635","9","13","13","10","16","228","192","151","3","29.10.12"
"180853","64","Житомирська область","лісництво, актова зала
вул.Залізнична, 8А, с.Пояски, Олевський р-н, Житомирська обл., 11025","280","91","280","14","175","14","189","","0","175","14","189","3","186","0","6","3","6","5","36","89","39","2","29.10.12"
"180854","64","Житомирська область","будинок культури, танцювальна зала
вул.Шевченка, 12, с.Жубровичі, Олевський р-н, Житомирська обл., 11042","1784","917","1760","10","858","9","867","","0","858","9","867","23","844","13","27","12","11","22","235","339","178","7","29.10.12"
"180855","64","Житомирська область","сільська рада, зала засідань
пл.Центральна, 4, с.Журжевичі, Олевський р-н, Житомирська обл., 11013","224","62","220","12","150","12","162","","0","150","12","162","6","156","1","2","3","1","1","47","58","43","0","29.10.12"
"180856","64","Житомирська область","лісництво, зала засідань
вул.Миру, 16, с.Рудня, Олевський р-н, Житомирська обл., 11013","88","33","88","0","55","0","55","","0","55","0","55","3","52","0","1","3","0","1","6","24","17","0","29.10.12"
"180857","64","Житомирська область","будинок культури, танцювальна зала
вул.Гагаріна, 61В, с.Лопатичі, Олевський р-н, Житомирська обл., 11034","1216","506","1207","25","685","25","710","","0","685","25","710","29","681","8","43","15","1","20","127","263","190","14","29.10.12"
"180858","64","Житомирська область","будинок культури, фойє
вул.Леніна, 5, с.Жовтневе, Олевський р-н, Житомирська обл., 11037","480","170","465","4","306","4","310","","0","306","4","310","12","298","7","4","11","1","5","85","123","56","6","29.10.12"
"180859","64","Житомирська область","будинок для голосування, к.2
вул.Миру, 18, с.Бацеве, Олевський р-н, Житомирська обл., 11037","80","24","74","2","54","2","56","","0","54","2","56","1","55","2","1","1","1","2","16","18","12","2","29.10.12"
"180860","64","Житомирська область","будинок для голосування, к.2
вул.Інтернаціональна, 1, с.Ліски, Олевський р-н, Житомирська обл., 11037","64","16","67","0","48","0","48","","0","48","0","48","4","44","1","1","1","0","0","8","27","6","0","29.10.12"
"180861","64","Житомирська область","клуб, фойє
вул.Леніна, 32, с.Юрове, Олевський р-н, Житомирська обл., 11014","472","169","470","2","301","2","303","","0","301","2","303","10","293","5","8","8","4","1","33","131","101","2","29.10.12"
"180862","64","Житомирська область","будинок культури, танцювальна зала
вул.Леніна, 73, с.Білокоровичі, Олевський р-н, Житомирська обл., 11055","1672","822","1654","26","828","22","850","","0","828","22","850","35","815","12","12","19","4","17","330","230","186","5","29.10.12"
"180863","64","Житомирська область","школа №2, спортивна зала
вул.Шкільна, 1, м.Олевськ, Олевський р-н, Житомирська обл., 11001","1632","740","1607","13","880","12","892","","0","880","12","892","23","869","10","22","29","8","29","302","256","206","7","29.10.12"
"180864","64","Житомирська область","будинок культури, вестибюль
вул.Свято-Миколаївська, 34, м.Олевськ, Олевський р-н, Житомирська обл., 11001","1520","738","1453","13","770","12","782","","0","770","12","782","16","766","12","17","11","12","22","248","267","173","4","29.10.12"
"180865","64","Житомирська область","центр дитячої творчості, вестибюль
вул.ім.Гетьмана Виговського, 30, м.Олевськ, Олевський р-н, Житомирська обл., 11001","1808","872","1764","13","924","12","936","","0","924","12","936","22","914","6","21","19","10","23","353","243","227","12","29.10.12"
"180866","64","Житомирська область","школа №3, спортивна зала
вул.Пушкіна, 24Б, м.Олевськ, Олевський р-н, Житомирська обл., 11002","1712","870","1684","18","826","16","842","","0","826","16","842","21","821","10","25","17","7","17","301","218","206","20","29.10.12"
"180867","64","Житомирська область","їдальня ПП ""Діброва"", танцювальна зала
вул.Заводська, 13, м.Олевськ, Олевський р-н, Житомирська обл., 11002","1904","1014","1889","25","872","18","890","","0","872","18","890","34","856","13","19","25","16","25","269","198","265","26","29.10.12"
"180868","64","Житомирська область","райполіклініка, конференцзала
вул.Свято-Миколаївська, 46, м.Олевськ, Олевський р-н, Житомирська обл., 11001","152","102","68","19","32","18","50","","0","32","18","50","2","48","0","1","1","1","1","15","18","10","1","29.10.12"
"181265","64","Житомирська область","виправна колонія №71, їдальня
вул.Білокоровічське шосе, 4, м.Коростень, Житомирська обл., 11510","640","314","649","3","323","3","326","","0","323","3","326","4","322","8","21","4","1","11","88","101","87","1","29.10.12"
"181266","64","Житомирська область","адмінбудівля заводу ""Янтар"", навчальний кабінет
вул.Житомирська, 2, м.Коростень, Житомирська обл., 11503","752","400","753","6","346","6","352","","0","346","6","352","7","345","12","17","0","3","5","74","120","114","0","29.10.12"
"181267","64","Житомирська область","гуртожиток УТОСу, виховна кімната
вул.Шолом-Алейхема, 70А, м.Коростень, Житомирська обл., 11508","2400","1153","2349","16","1237","10","1247","","0","1237","10","1247","49","1198","28","94","10","13","21","313","371","337","11","29.10.12"
"181268","64","Житомирська область","школа №10, фойє
вул.Мельника, 9, м.Коростень, Житомирська обл., 11508","1888","967","1868","18","906","15","921","","0","906","15","921","32","889","22","65","13","6","4","240","266","268","5","29.10.12"
"181269","64","Житомирська область","геріатричний пансіонат, фізкультурна зала
вул.Котовського, 81, м.Коростень, Житомирська обл., 11508","1448","687","1433","106","672","89","761","","0","672","89","761","44","717","18","63","6","1","13","172","205","231","8","29.10.12"
"181270","64","Житомирська область","школа №11, фойє
вул.Грушевського, 66, м.Коростень, Житомирська обл., 11501","2040","955","2005","21","1066","19","1085","","0","1066","19","1085","30","1055","25","65","15","12","25","325","258","329","1","29.10.12"
"181271","64","Житомирська область","будинок культури УТОС, актова зала
вул.Шолом-Алейхема, 36, м.Коростень, Житомирська обл., 11501","2304","1019","2260","30","1261","24","1285","","0","1261","24","1285","50","1235","42","97","6","12","19","412","306","338","3","29.10.12"
"181272","64","Житомирська область","школа №1, фойє
вул.Котовського, 24, м.Коростень, Житомирська обл., 11508","2408","1276","2380","22","1115","17","1132","","0","1115","17","1132","35","1097","47","70","9","9","31","320","287","319","5","29.10.12"
"181273","64","Житомирська область","профтехучилище №16, бібліотека
вул.Грушевського, 24/1, м.Коростень, Житомирська обл., 11501","1640","660","1616","18","962","18","980","","0","962","18","980","27","953","44","46","6","13","20","288","226","307","3","30.10.12"
"181274","64","Житомирська область","школа №3, фойє
вул.Древлянська, 20, м.Коростень, Житомирська обл., 11501","2168","1114","2142","40","1017","37","1054","","0","1017","37","1054","30","1024","30","67","2","5","19","353","258","288","2","29.10.12"
"181275","64","Житомирська область","школа №7, актова зала
вул.Крупської, 1, м.Коростень, Житомирська обл., 11501","1208","577","1195","21","613","18","631","","0","613","18","631","17","614","18","37","7","7","7","202","183","150","3","29.10.12"
"181276","64","Житомирська область","школа №2, актова зала
вул.1 Травня, 2, м.Коростень, Житомирська обл., 11501","1496","717","1469","8","771","8","779","","0","771","8","779","18","761","37","50","6","11","8","195","230","221","3","29.10.12"
"181277","64","Житомирська область","школа №2, фойє
вул.1 Травня, 2, м.Коростень, Житомирська обл., 11501","2048","916","2023","17","1118","14","1132","","0","1118","14","1132","34","1098","20","49","9","15","5","243","399","352","6","29.10.12"
"181278","64","Житомирська область","адмінбудівля цегельного заводу, їдальня
вул.Південна, 12А, м.Коростень, Житомирська обл., 11509","1448","730","1450","7","711","7","718","","0","711","7","718","22","696","29","30","7","4","14","166","217","223","6","29.10.12"
"181279","64","Житомирська область","навчально-виховний комплекс ""Школа-гімназія"" №12, праве крило, фойє
вул.Київська, 4, м.Коростень, Житомирська обл., 11509","1864","884","1824","11","971","9","980","","0","971","9","980","32","948","30","59","5","10","13","268","273","284","6","29.10.12"
"181280","64","Житомирська область","навчально-виховний комплекс ""Школа-гімназія"" №12, ліве крило, фойє
вул.Київська, 4, м.Коростень, Житомирська обл., 11509","1648","708","1615","10","930","10","940","","0","930","10","940","18","922","25","49","5","5","12","252","279","290","5","29.10.12"
"181281","64","Житомирська область","районний будинок культури, актова зала
вул.Франка, 4, м.Коростень, Житомирська обл., 11501","1736","768","1719","23","947","21","968","","0","947","21","968","31","937","37","77","4","8","14","257","247","292","1","29.10.12"
"181282","64","Житомирська область","будинок науки і техніки, актова зала
вул.Кірова, 38/2, м.Коростень, Житомирська обл., 11512","1928","849","1892","17","1062","17","1079","","0","1062","17","1079","48","1031","35","77","17","16","21","247","341","271","6","30.10.12"
"181283","64","Житомирська область","дистанція колії №13, технічний кабінет
вул.Табукашвілі, 24, м.Коростень, Житомирська обл., 11512","1672","796","1655","20","856","20","876","","0","856","20","876","35","841","16","59","6","6","23","182","250","294","5","29.10.12"
"181284","64","Житомирська область","школа №9, кабінет допризовної підготовки юнаків
вул.Кірова, 62, м.Коростень, Житомирська обл., 11512","2128","1108","2106","24","1002","18","1020","","0","1002","18","1020","24","996","22","62","6","13","17","281","313","274","8","29.10.12"
"181285","64","Житомирська область","вагонне депо станції Коростень, виховна кімната
вул.Горького, 33, м.Коростень, Житомирська обл., 11507","1392","737","1375","12","646","9","655","","0","646","9","655","17","638","20","32","8","9","12","166","247","143","1","29.10.12"
"181286","64","Житомирська область","клуб будівельно-монтажного експлуатаційного управління №4, актова зала
вул.Залізнична, 3, м.Коростень, Житомирська обл., 11506","984","521","980","5","459","4","463","","0","459","4","463","14","449","18","25","4","2","12","123","147","114","4","29.10.12"
"181287","64","Житомирська область","школа №8, спортзала
вул.Залізнична, 23, м.Коростень, Житомирська обл., 11506","2032","1060","2008","29","947","25","972","","0","946","25","971","28","943","42","46","10","9","17","239","432","140","8","28.10.12"
"181288","64","Житомирська область","міський ліцей, спортзала
вул.Р.Люксембург, 12, м.Коростень, Житомирська обл., 11507","1440","760","1434","8","672","8","680","","0","672","8","680","24","656","31","30","5","4","9","215","207","153","2","29.10.12"
"181289","64","Житомирська область","міський ліцей, фойє
вул.Р.Люксембург, 12, м.Коростень, Житомирська обл., 11507","1400","740","1392","3","657","3","660","","0","657","3","660","20","640","20","46","10","4","18","208","173","161","0","29.10.12"
"181290","64","Житомирська область","адмінбудівля заводу ""Жовтнева кузня"", їдальня
вул.Жовтнева, 1, м.Коростень, Житомирська обл., 11501","1648","905","1618","16","729","14","743","","0","729","14","743","17","726","25","38","7","4","17","212","205","216","2","29.10.12"
"181291","64","Житомирська область","школа №5, праве крило, фойє
вул.Островського, 2, м.Коростень, Житомирська обл., 11504","1456","804","1430","32","622","30","652","","0","622","30","652","21","631","27","24","5","5","12","178","213","167","0","29.10.12"
"181292","64","Житомирська область","школа №5, ліве крило, фойє
вул.Островського, 2, м.Коростень, Житомирська обл., 11504","1520","765","1500","14","741","14","755","","0","741","14","755","16","739","35","33","4","4","17","268","185","190","3","29.10.12"
"181293","64","Житомирська область","філія міського будинку культури, актова зала
вул.Каштанова, 1, м.Коростень, Житомирська обл., 11502","936","423","943","6","507","6","513","","0","507","6","513","21","492","9","20","7","1","4","147","140","163","1","29.10.12"
"181294","64","Житомирська область","школа №13, кабінет групи продовженого дня
вул.В.Селезньова, 101, м.Коростень, Житомирська обл., 11502","1184","559","1175","8","617","8","625","","0","617","8","625","28","597","21","21","2","3","13","167","202","162","6","29.10.12"
"181295","64","Житомирська область","станція Коростень-Житомирський, виховна кімната
станція Коростень-Житомирський, м.Коростень, Житомирська обл., 11505","416","199","420","10","208","9","217","","0","208","9","217","5","212","0","10","4","2","6","47","103","40","0","29.10.12"
"181296","64","Житомирська область","філія міського будинку культури, актова зала
вул.Проліскова, 18, м.Коростень, Житомирська обл., 11506","792","419","785","10","363","10","373","","0","363","10","373","13","360","9","13","2","4","4","62","191","74","1","29.10.12"
"181297","64","Житомирська область","центральна міська лікарня, фізіотерапевтичне відділення, фойє
вул.Семашко, 8, м.Коростень, Житомирська обл., 11501","456","395","74","40","28","33","61","","0","28","33","61","1","60","0","2","1","0","1","15","28","13","0","29.10.12"
"181298","64","Житомирська область","відділкова лікарня, кабінет заступника головного лікаря з медичної частини
вул.Жмаченка, 46, м.Коростень, Житомирська обл., 11501","168","115","73","25","37","16","53","","0","37","16","53","1","52","1","5","2","0","1","14","21","7","1","29.10.12"
"181299","64","Житомирська область","Коростенська виправна колонія №71, актова зала
вул.Білокоровічське шосе, 4, м.Коростень, Житомирська обл., 11510","1120","21","1131","38","1061","38","1099","","0","1061","38","1099","132","967","39","59","17","23","68","126","480","110","45","29.10.12"
