"№ ВД","OBO","Назва регіону України","Місцезнаходження та адреса приміщення для голосування","1) К-сть одержаних бюлетенів","2) К-сть невикористаних бюлетенів","3) К-сть виборців, внесених до списку виборців","4) К-сть виборців, внесених до витягу зі списку виборців","5) К-сть виборців, які отримали бюлетені у приміщенні","6) К-сть виборців, які отримали за місцем перебування","7) Сумарна к-сть виборців, які отримали бюлетені","8) К-сть бюлетенів, що виявилися у кожній скринці","9) К-сть бюлетенів, що не підлягають врахуванню","10) К-сть виборців, які взяли участь у голос. у приміщенні для гол.","11) К-сть виборців, які взяли участь у голос. за місцем перебування","12) К-сть виборців, які взяли участь у голосуванні на виборчій дільниці","13) К-сть бюлетенів, визнаних недійсними","14) Сумарна к-сть голосів виборців ЗА","Батенко
Тарас
Іванович","Бродецький
Анатолій
Миколайович","Дубик
Ігор
Іванович","Заваруєв
Анатолій
Михайлович","Канака
Остап
Тарасович","Котеляк
Лідія
Леонідівна","Оприско
Микола
Васильович","Петришин
Петро
Васильович","Свистович
Ігор
Михайлович","Сірків
Михайло
Миколайович","Федорів
Лариса
Йосипівна","Шкляр
Василь
Миколайович","Дата підписання протоколу"
"460510","123","Львівська область","Золочівський районний народний дім, фойє
вул.Чорновола, 1, м.Золочів, Золочівський р-н, Львівська обл., 80700","2310","915","2284","25","1372","23","1395","","0","1372","23","1395","24","1371","250","17","10","0","13","434","4","5","16","117","111","394","29.10.12"
"460511","123","Львівська область","актова зала Золочівської ЦРЛ, к.1
вул.Пушкіна, 11, м.Золочів, Золочівський р-н, Львівська обл., 80700","2076","887","2070","39","1155","34","1189","","0","1155","34","1189","17","1172","214","16","11","2","10","378","9","3","11","60","75","383","29.10.12"
"460512","123","Львівська область","Золочівський професійний ліцей, фойє
вул.Ак.Павлова, 72, м.Золочів, Золочівський р-н, Львівська обл., 80700","2334","1095","2305","19","1224","15","1239","","0","1224","15","1239","24","1215","296","11","9","1","7","365","11","7","16","98","100","294","29.10.12"
"460513","123","Львівська область","школа №1, актова зала
вул.Чайковського 4А, м.Золочів, Золочівський р-н, Львівська обл., 80700","2268","876","2240","22","1376","16","1392","","0","1376","16","1392","25","1367","320","24","19","4","22","426","12","3","7","96","108","326","29.10.12"
"460514","123","Львівська область","управління по експлуатації газового господарства, актова зала
вул.Львівська, 50, м.Золочів, Золочівський р-н, Львівська обл., 80700","2400","979","2363","40","1387","34","1421","","0","1387","34","1421","22","1399","324","14","21","1","3","459","6","3","10","81","402","75","29.10.12"
"460515","123","Львівська область","Золочівська райспоживспілка, актова зала
вул.Шашкевича, 24, м.Золочів, Золочівський р-н, Львівська обл., 80700","2100","819","2084","17","1268","13","1281","","0","1268","13","1281","22","1259","280","16","14","3","17","421","9","3","8","88","82","318","29.10.12"
"460516","123","Львівська область","управління водного господарства, актова зала
вул.Закарпатська, 1, м.Золочів, Золочівський р-н, Львівська обл., 80700","2028","745","2008","28","1258","25","1283","","0","1258","25","1283","22","1261","241","9","2","0","13","442","11","0","9","103","73","358","29.10.12"
"460517","123","Львівська область","станція юних техніків, кабінет гурткової роботи
вул.Шевченка, 112, м.Золочів, Золочівський р-н, Львівська обл., 80700","1914","701","1896","21","1192","21","1213","","0","1192","21","1213","15","1198","266","12","8","0","9","344","3","10","10","75","82","379","29.10.12"
"460518","123","Львівська область","Золочівський економічний ліцей, актова зала
вул.Січових Стрільців, 7, м.Золочів, Золочівський р-н, Львівська обл., 80700","2202","1593","968","6","603","6","609","","0","603","6","609","7","602","105","5","18","12","13","142","13","14","11","73","71","125","01.11.12"
"460519","123","Львівська область","Народний дім, актова зала
вул.Зелена, 13, с.Бібщани, Золочівський р-н, Львівська обл., 80762","258","71","255","21","168","19","187","","0","168","19","187","6","181","77","1","1","0","3","44","5","2","0","36","5","7","29.10.12"
"460520","123","Львівська область","Народний дім, актова зала
вул.Зелена, 24, с.Нестюки, Золочівський р-н, Львівська обл., 80762","168","78","163","20","75","15","90","","0","75","15","90","2","88","30","1","0","4","3","30","0","0","0","16","2","2","29.10.12"
"460521","123","Львівська область","адмінбудинок сільської ради, к.1
вул.Шашкевича, 14, с.Білий Камінь, Золочівський р-н, Львівська обл., 80710","582","180","579","21","381","21","402","","0","381","21","402","6","396","185","5","1","1","1","100","5","2","4","39","18","35","29.10.12"
"460522","123","Львівська область","Народний дім, актова зала
вул.Д.Особи, 19, с.Бужок, Золочівський р-н, Львівська обл., 80711","372","80","368","25","267","25","292","","0","267","25","292","6","286","115","0","0","2","1","35","3","0","7","91","3","29","29.10.12"
"460523","123","Львівська область","Народний дім, актова зала
вул.Шевченка, 13, с.Розваж, Золочівський р-н, Львівська обл., 80710","258","58","256","17","183","17","200","","0","183","17","200","7","193","92","0","0","1","2","47","4","0","0","33","3","11","29.10.12"
"460524","123","Львівська область","Народний дім, актова зала
вул.Шашкевича, 11А, с.Підлисся, Золочівський р-н, Львівська обл., 80710","240","51","235","18","171","18","189","","0","171","18","189","0","189","84","1","3","0","1","51","2","0","0","35","0","12","29.10.12"
"460525","123","Львівська область","фельдшерсько-акушерський пункт, к.1
вул.Центральна, 13, с.Гавареччина, Золочівський р-н, Львівська обл., 80710","60","23","58","4","33","4","37","","0","33","4","37","2","35","7","0","0","0","0","10","0","0","0","16","0","2","28.10.12"
"460526","123","Львівська область","Народний дім, актова зала
вул.Л.Українки, 20, с.Черемошня, Золочівський р-н, Львівська обл., 80710","198","60","199","26","115","23","138","","0","115","23","138","3","135","74","1","0","0","0","19","0","1","0","14","7","19","29.10.12"
"460527","123","Львівська область","Народний дім, актова зала
вул.Головна, 57, с.Бортків, Золочівський р-н, Львівська обл., 80730","552","164","549","42","350","38","388","","0","350","38","388","14","374","168","9","3","1","5","92","8","2","3","32","13","38","29.10.12"
"460528","123","Львівська область","Народний дім, фойє
вул.Головна, 2, с.Скнилів, Золочівський р-н, Львівська обл., 80730","288","91","286","22","175","22","197","","0","175","22","197","3","194","96","0","1","1","3","26","0","1","7","39","11","9","29.10.12"
"460529","123","Львівська область","Народний дім, фойє, 1-й поверх
вул.Довга, 30Б, с.Мала Вільшанка, Золочівський р-н, Львівська обл., 80731","318","81","316","37","201","36","237","","0","201","36","237","0","237","131","6","1","0","1","45","5","2","3","24","8","11","28.10.12"
"460530","123","Львівська область","Народний дім, актова зала
вул.Незалежності, 78А, с.Велика Вільшаниця, Золочівський р-н, Львівська обл., 80732","600","168","596","42","392","40","432","","0","392","40","432","8","424","176","2","2","3","2","97","2","1","5","69","19","46","29.10.12"
"460531","123","Львівська область","Народний дім, актова зала
вул.Гологірська, 36, с.Гологірки, Золочівський р-н, Львівська обл., 80736","96","28","92","6","62","6","68","","0","62","6","68","0","68","22","0","0","2","0","6","1","0","5","22","1","9","28.10.12"
"460532","123","Львівська область","Народний дім, актова зала
вул.Головна, 12А, с.Стінка, Золочівський р-н, Львівська обл., 80736","108","34","110","6","68","6","74","","0","68","6","74","3","71","26","1","0","0","1","12","0","1","0","14","3","13","28.10.12"
"460533","123","Львівська область","Народний дім, актова зала
вул.Серпнева, 18, с.Трудовач, Золочівський р-н, Львівська обл., 80732","222","72","215","17","134","16","150","","0","134","16","150","6","144","35","1","2","1","1","34","3","0","6","26","13","22","29.10.12"
"460534","123","Львівська область","адмінбудинок сільської ради, бібліотека
вул.Шевченка, 52, с.Великий Полюхів, Золочівський р-н, Львівська обл., 80724","192","47","195","23","123","22","145","","0","123","22","145","3","142","56","3","2","0","1","35","0","0","7","21","3","14","28.10.12"
"460535","123","Львівська область","Народний дім, актова зала
вул.Золочівська, 52, с.Вороняки, Золочівський р-н, Львівська обл., 80751","1422","604","1416","18","802","16","818","","0","802","16","818","11","807","135","2","2","1","9","265","7","2","9","170","40","165","29.10.12"
"460536","123","Львівська область","адмінбудинок сільської ради, актова зала
вул.Зелена, 3, с.Вороняки, Золочівський р-н, Львівська обл., 80751","906","335","900","16","555","16","571","","0","555","16","571","7","564","91","3","4","1","6","209","8","0","0","123","17","102","29.10.12"
"460537","123","Львівська область","Народний дім, актова зала
вул.Св.Миколая,33, м.Глиняни, Золочівський р-н, Львівська обл., 80720","1020","358","1015","23","639","23","662","","0","639","23","662","8","654","207","2","4","3","3","226","5","4","17","75","13","95","29.10.12"
"460538","123","Львівська область","школа, спортивний зал
вул.Шевченка, 36, м.Глиняни, Золочівський р-н, Львівська обл., 80720","1284","476","1285","31","780","28","808","","0","780","28","808","22","786","293","2","5","3","1","225","12","1","13","87","15","129","29.10.12"
"460539","123","Львівська область","Народний дім, актова зала
вул.Л.Українки, 17, с.Женів, Золочівський р-н, Львівська обл., 80720","288","84","285","12","194","10","204","","0","194","10","204","3","201","67","1","2","0","1","44","2","1","3","65","4","11","28.10.12"
"460540","123","Львівська область","адмінбудинок сільської ради, фойє
вул.Головна, 3А, с.Гологори, Золочівський р-н, Львівська обл., 80736","462","167","458","32","266","29","295","","0","266","29","295","7","288","106","3","1","4","4","66","1","2","7","38","8","48","29.10.12"
"460541","123","Львівська область","бібліотека, к.1
вул.Головна, 7А, с.Зашків, Золочівський р-н, Львівська обл., 80736","126","44","118","11","72","10","82","","0","72","10","82","0","82","40","1","2","1","0","20","1","0","0","15","1","1","29.10.12"
"460542","123","Львівська область","Народний дім, фойє
вул.Головна, 70А, с.Майдан Гологірський, Золочівський р-н, Львівська обл., 80736","246","66","241","35","149","31","180","","0","149","31","180","4","176","96","1","1","1","0","14","3","1","0","41","4","14","29.10.12"
"460543","123","Львівська область","Народний дім, фойє
вул.Шашкевича, 4, с.Гончарівка, Золочівський р-н, Львівська обл., 80715","726","204","725","48","475","47","522","","0","475","47","522","7","515","198","1","2","2","7","95","8","1","8","96","20","77","30.10.12"
"460544","123","Львівська область","Народний дім, актова зала
вул.Ім.Галана, 54, с.Єлиховичі, Золочівський р-н, Львівська обл., 80716","672","253","667","7","412","7","419","","0","412","7","419","0","419","115","3","1","5","1","114","5","1","3","90","14","67","29.10.12"
"460545","123","Львівська область","школа, спортивний зал
вул.Підбір, 32, с.Зозулі, Золочівський р-н, Львівська обл., 80717","582","157","568","27","398","27","425","","0","398","27","425","2","423","102","2","1","1","1","115","7","0","2","79","16","97","29.10.12"
"460546","123","Львівська область","школа, к.1
вул.Весела, 12, с.Городилів, Золочівський р-н, Львівська обл., 80716","282","89","280","11","182","11","193","","0","182","11","193","4","189","52","2","0","1","3","46","1","2","4","36","1","41","29.10.12"
"460547","123","Львівська область","Народний дім, актова зала
вул.Центральна, 13, с.Копані, Золочівський р-н, Львівська обл., 80716","180","63","178","10","108","9","117","","0","108","9","117","5","112","44","0","1","0","0","20","1","0","1","20","3","22","29.10.12"
"460548","123","Львівська область","Народний дім, актова зала
вул.Шевченка, 25, с.Монастирок, Золочівський р-н, Львівська обл., 80716","174","56","166","9","109","9","118","","0","109","9","118","1","117","28","0","3","1","0","24","0","1","1","25","3","31","29.10.12"
"460549","123","Львівська область","Народний дім, актова зала
вул.Шевченка, 18, с.Обертасів, Золочівський р-н, Львівська обл., 80716","72","31","66","7","34","7","41","","0","34","7","41","0","41","17","0","0","0","0","7","0","0","0","14","0","3","01.11.12"
"460550","123","Львівська область","Народний дім, актова зала
вул.Центральна, 3, с.Жуків, Золочівський р-н, Львівська обл., 80754","324","137","321","20","167","20","187","","0","167","20","187","6","181","75","1","0","2","0","39","0","1","1","52","0","10","29.10.12"
"460551","123","Львівська область","фельдшерсько-акушерський пункт, к.1
вул.Липова, 1, с.Кропивна, Золочівський р-н, Львівська обл., 80754","78","16","78","9","53","9","62","","0","53","9","62","2","60","11","0","0","1","1","14","0","0","1","28","2","2","29.10.12"
"460552","123","Львівська область","школа, актова зала
вул.Головна, 7, с.Заставне, Золочівський р-н, Львівська обл., 80724","528","161","525","19","353","14","367","","0","353","14","367","6","361","106","5","4","2","3","123","3","0","11","49","6","49","29.10.12"
"460553","123","Львівська область","Народний дім, актова зала
вул.Головна, 79, с.Вижняни, Золочівський р-н, Львівська обл., 80723","204","68","201","15","121","15","136","","0","121","15","136","4","132","34","3","0","0","1","57","1","0","6","21","5","4","01.11.12"
"460554","123","Львівська область","Народний дім, актова зала
вул.Головна, 21, с.Розворяни, Золочівський р-н, Львівська обл., 80724","300","79","293","16","209","12","221","","0","209","12","221","5","216","100","2","5","1","4","57","2","0","5","26","5","9","29.10.12"
"460555","123","Львівська область","Народний дім, актова зала
вул.Ів.Франка, 1, с.Княже, Золочівський р-н, Львівська обл., 80733","276","83","271","17","180","13","193","","0","180","13","193","3","190","57","3","7","0","0","36","5","0","0","7","9","66","29.10.12"
"460556","123","Львівська область","школа, спортивний зал
вул.Головна, 30, с.Колтів, Золочівський р-н, Львівська обл., 80741","312","75","310","18","220","17","237","","0","220","17","237","3","234","70","1","0","1","2","67","4","0","3","62","5","19","29.10.12"
"460557","123","Львівська область","Народний дім, актова зала
вул.Головна, 10А, с.Кругів, Золочівський р-н, Львівська обл., 80741","156","42","151","19","96","18","114","","0","96","18","114","2","112","43","0","1","0","0","14","3","0","1","35","0","15","28.10.12"
"460558","123","Львівська область","Народний дім, актова зала
вул.Комарівка, 20А, с.Верхобуж, Золочівський р-н, Львівська обл., 80742","342","107","334","43","198","37","235","","0","198","37","235","6","229","100","1","0","0","0","28","2","0","0","71","18","9","28.10.12"
"460559","123","Львівська область","школа, клас фізики
вул.Сонячна, 17, с.Коропець, Золочівський р-н, Львівська обл., 80762","222","71","218","29","123","28","151","","0","123","28","151","2","149","35","0","0","0","1","56","1","2","2","38","1","13","29.10.12"
"460560","123","Львівська область","Народний дім, актова зала
вул.Колгоспна, 1А, с.Куровичі, Золочівський р-н, Львівська обл., 80725","984","297","970","47","646","41","687","","0","646","41","687","14","673","244","7","7","1","7","104","7","4","13","53","28","198","29.10.12"
"460561","123","Львівська область","фельдшерсько-акушерський пункт, к.1
вул.Галицька, 30А, с.Печенія, Золочівський р-н, Львівська обл., 80725","84","18","87","12","54","12","66","","0","54","12","66","1","65","18","0","2","0","0","4","0","0","0","5","0","36","29.10.12"
"460562","123","Львівська область","Народний дім, актова зала
вул.Лисенка, 7А, с.Солова, Золочівський р-н, Львівська обл., 80725","222","68","217","19","137","17","154","","0","137","17","154","7","147","114","2","1","0","1","12","0","0","1","1","4","11","29.10.12"
"460563","123","Львівська область","адмінбудинок сільської ради, актова зала
вул.Головна, 50, с.Новосілки, Золочівський р-н, Львівська обл., 80734","318","91","313","22","205","22","227","","0","205","22","227","3","224","67","7","1","2","1","46","4","0","9","43","11","33","29.10.12"
"460564","123","Львівська область","школа, к.1
вул.Шкільна, 3, с.Митулин, Золочівський р-н, Львівська обл., 80735","366","80","362","20","266","20","286","","0","266","20","286","2","284","98","4","2","2","2","36","1","1","4","61","8","65","29.10.12"
"460565","123","Львівська область","Народний дім, актова зала
вул.Шевченка, 1, с.Перегноїв, Золочівський р-н, Львівська обл., 80722","702","197","696","33","474","31","505","","0","474","31","505","14","491","304","2","0","0","5","90","3","2","7","63","6","9","29.10.12"
"460566","123","Львівська область","Народний дім, актова зала
вул.Шевченка, 27, с.Кривичі, Золочівський р-н, Львівська обл., 80735","192","45","190","19","132","15","147","","0","132","15","147","3","144","43","0","1","1","2","39","0","0","7","28","2","21","29.10.12"
"460567","123","Львівська область","школа, кабінет української мови
вул.Шкільна, 1, с.Підгайчики, Золочівський р-н, Львівська обл., 80726","492","149","484","48","300","43","343","","0","300","43","343","6","337","122","0","2","0","5","80","4","3","4","39","18","60","29.10.12"
"460568","123","Львівська область","школа, к.1
вул.Центральна, 15, с.Погорільці, Золочівський р-н, Львівська обл., 80726","204","46","204","18","140","18","158","","0","140","18","158","10","148","91","1","0","0","1","22","0","0","1","18","6","8","29.10.12"
"460569","123","Львівська область","Народний дім, актова зала
вул.Сонячна, 21, с.Туркотин, Золочівський р-н, Львівська обл., 80725","174","23","171","19","132","19","151","","0","132","19","151","2","149","66","0","1","0","0","34","0","0","0","20","1","27","29.10.12"
"460570","123","Львівська область","школа, к.1
вул.Тернопільська, 61, с.Підгородне, Золочівський р-н, Львівська обл., 80743","1182","378","1173","44","764","40","804","","0","764","40","804","15","789","135","4","3","1","0","184","8","3","2","61","39","349","29.10.12"
"460571","123","Львівська область","Народний дім, актова зала
вул.Панаси, 3, с.Підлипці, Золочівський р-н, Львівська обл., 80744","768","370","760","70","328","70","398","","0","328","70","398","2","396","78","5","2","1","1","118","8","1","7","139","16","20","29.10.12"
"460572","123","Львівська область","Народний дім, актова зала
вул.Підлипецька, 8, с.Плугів, Золочівський р-н, Львівська обл., 80746","552","172","551","61","325","55","380","","0","325","55","380","9","371","106","2","2","1","1","86","8","0","2","104","21","38","28.10.12"
"460573","123","Львівська область","Народний дім, актова зала
вул.Лісок, 9, с.Тростянець, Золочівський р-н, Львівська обл., 80745","252","94","251","15","145","13","158","","0","145","13","158","1","157","60","2","0","0","0","40","2","0","3","33","4","13","29.10.12"
"460574","123","Львівська область","Народний дім, актова зала
вул.Шашкевича, 45, с.Новоселище, Золочівський р-н, Львівська обл., 80745","462","139","463","19","305","18","323","","0","305","18","323","3","320","84","1","7","1","1","91","1","0","4","52","14","64","01.11.12"
"460575","123","Львівська область","Народний дім, актова зала
вул.1 Травня, 10, с.Кам’янисте, Золочівський р-н, Львівська обл., 80746","48","16","47","3","29","3","32","","0","29","3","32","0","32","20","0","0","0","0","1","0","0","0","7","2","2","29.10.12"
"460576","123","Львівська область","школа, актова зала
вул.9-го Травня, 1, с.Поляни, Золочівський р-н, Львівська обл., 80752","546","229","542","16","304","13","317","","0","304","13","317","11","306","184","2","1","1","4","43","0","0","0","56","1","14","29.10.12"
"460577","123","Львівська область","школа, актова зала
вул.Незалежності, 33, с.Красносільці, Золочівський р-н, Львівська обл., 80752","198","74","194","5","120","4","124","","0","120","4","124","0","124","46","5","2","0","1","30","2","0","1","33","0","4","29.10.12"
"460578","123","Львівська область","церковне приборство, к.1
вул.Воїнів УПА, 10, с.Махнівці, Золочівський р-н, Львівська обл., 80752","96","24","101","9","66","6","72","","0","66","6","72","1","71","28","0","1","0","0","11","0","0","1","22","6","2","28.10.12"
"460579","123","Львівська область","Народний дім, актова зала
вул.Зелена, 12, с.Чижів, Золочівський р-н, Львівська обл., 80752","90","34","88","0","56","0","56","","0","56","0","56","1","55","20","0","5","0","0","18","2","0","0","7","2","1","29.10.12"
"460580","123","Львівська область","школа, коридор
вул.Верхній Підгай, 3А, смт Поморяни, Золочівський р-н, Львівська обл., 80760","888","305","885","82","507","76","583","","0","507","76","583","6","577","282","3","8","3","2","79","3","1","2","112","16","66","29.10.12"
"460581","123","Львівська область","Народний дім, актова зала
вул.Шевченка, 295А, с.Богутин, Золочівський р-н, Львівська обл., 80760","162","38","161","15","110","14","124","","0","110","14","124","3","121","66","0","0","0","0","19","1","0","0","27","0","8","28.10.12"
"460582","123","Львівська область","фельдшерсько-акушерський пункт, к.1
вул.Б.Хмельницького, 33, с.Торгів, Золочівський р-н, Львівська обл., 80760","108","25","105","11","72","11","83","","0","72","11","83","1","82","60","0","0","0","0","0","1","0","0","20","0","1","28.10.12"
"460583","123","Львівська область","Народний дім, актова зала
вул.Головна, 29А, с.Почапи, Золочівський р-н, Львівська обл., 80714","264","57","258","17","190","17","207","","0","190","17","207","8","199","65","2","1","2","0","63","3","0","4","34","5","20","29.10.12"
"460584","123","Львівська область","Народний дім, актова зала
вул.Шевченка, 60, с.Жуличі, Золочівський р-н, Львівська обл., 80714","414","104","405","29","281","29","310","","0","281","29","310","9","301","87","1","5","2","1","68","0","1","5","35","7","89","01.11.12"
"460585","123","Львівська область","школа, актова зала
вул.Шкільна, 1, с.Ремезівці, Золочівський р-н, Львівська обл., 80755","762","241","754","83","439","82","521","","0","439","82","521","7","514","114","0","3","0","1","167","7","0","2","139","12","69","29.10.12"
"460586","123","Львівська область","Народний дім, актова зала
вул.Головна, 1, с.Підгір’я, Золочівський р-н, Львівська обл., 80755","114","24","113","12","78","12","90","","0","78","12","90","2","88","43","0","1","1","0","24","0","0","0","15","0","4","29.10.12"
"460587","123","Львівська область","Народний дім, актова зала
вул.Піщана, 46, с.Руда-Колтівська, Золочівський р-н, Львівська обл., 80741","126","36","125","2","88","2","90","","0","88","2","90","1","89","44","2","2","1","1","15","1","0","0","16","2","5","29.10.12"
"460588","123","Львівська область","Народний дім, к.1
вул.Верхобужська, 8, с.Опаки, Золочівський р-н, Львівська обл., 80740","210","77","207","26","108","25","133","","0","108","25","133","1","132","55","1","0","1","1","25","0","1","1","42","4","1","28.10.12"
"460589","123","Львівська область","Народний дім, актова зала
вул.Зелена, 35, с.Хмелева, Золочівський р-н, Львівська обл., 80741","138","42","133","8","88","8","96","","0","88","8","96","2","94","43","4","1","1","0","23","1","0","0","13","4","4","28.10.12"
"460590","123","Львівська область","Народний дім, актова зала
вул.Бродівська, 4А, с.Сасів, Золочівський р-н, Львівська обл., 80713","756","237","746","56","464","55","519","","0","464","55","519","6","513","218","2","4","2","4","109","1","1","7","46","26","93","29.10.12"
"460591","123","Львівська область","Народний дім, актова зала
вул.Головна, 29, с.Ушня, Золочівський р-н, Львівська обл., 80713","330","91","322","30","209","30","239","","0","209","30","239","2","237","104","0","0","0","3","29","0","1","2","45","1","52","29.10.12"
"460592","123","Львівська область","фельдшерсько-акушерський пункт, к.1
вул.Гора, 14, с.Гутище, Золочівський р-н, Львівська обл., 80713","78","15","76","9","54","9","63","","0","54","9","63","2","61","14","2","1","0","0","17","0","0","0","21","3","3","28.10.12"
"460593","123","Львівська область","Народний дім, актова зала
вул.Головна, 17, с.Побіч, Золочівський р-н, Львівська обл., 80713","180","65","174","16","101","14","115","","0","101","14","115","0","115","38","0","0","0","2","24","3","0","2","27","2","17","29.10.12"
"460594","123","Львівська область","Народний дім, актова зала
вул.Січових Стрільців, 48, с.Скварява, Золочівський р-н, Львівська обл., 80712","780","258","774","66","456","66","522","","0","456","66","522","11","511","210","5","3","2","2","154","3","2","16","48","20","46","01.11.12"
"460595","123","Львівська область","Народний дім, актова зала
вул.Шевченка, 7, с.Стадня, Золочівський р-н, Львівська обл., 80712","96","21","98","7","69","6","75","","0","69","6","75","1","74","21","1","0","1","1","23","1","0","3","12","2","9","01.11.12"
"460596","123","Львівська область","Народний дім, актова зала
вул.Івана Богослова, 1А, с.Словіта, Золочівський р-н, Львівська обл., 80735","708","208","699","46","456","44","500","","0","456","44","500","14","486","210","4","1","3","6","116","0","2","9","45","16","74","29.10.12"
"460597","123","Львівська область","Народний дім, актова зала
вул.Унівська, 24Б, с.Якторів, Золочівський р-н, Львівська обл., 80735","354","112","350","22","220","22","242","","0","220","22","242","11","231","75","1","2","2","3","73","0","2","1","36","15","21","29.10.12"
"460598","123","Львівська область","Народний дім, актова зала
вул.Шевченка, 42А, с.Сновичі, Золочівський р-н, Львівська обл., 80753","1032","378","1021","26","629","25","654","","0","629","25","654","7","647","390","2","1","2","1","124","4","1","1","31","4","86","28.10.12"
"460599","123","Львівська область","Народний дім, актова зала
вул.Солтівського, 9, с.Струтин, Золочівський р-н, Львівська обл., 80743","624","166","608","25","434","24","458","","0","434","24","458","5","453","124","3","1","0","3","93","12","0","10","45","34","128","29.10.12"
"460600","123","Львівська область","Народний дім, актова зала
вул.Шевченка, 13, с.Зарваниця, Золочівський р-н, Львівська обл., 80746","186","44","191","11","131","11","142","","0","131","11","142","2","140","47","1","0","0","0","31","1","1","0","25","5","29","29.10.12"
"460601","123","Львівська область","Народний дім, актова зала
вул.Б.Хмельницького, 35, с.Золочівка, Золочівський р-н, Львівська обл., 80743","426","143","423","23","260","23","283","","0","260","23","283","5","278","65","2","1","1","1","84","3","2","2","50","18","49","29.10.12"
"460602","123","Львівська область","фельдшерсько-акушерський пункт, к.1
вул.Л.Українки, 8А, с.Козаки, Золочівський р-н, Львівська обл., 80746","60","17","60","4","39","4","43","","0","39","4","43","0","43","16","0","0","0","0","6","0","0","0","17","2","2","29.10.12"
"460603","123","Львівська область","Народний дім, актова зала
вул.Шашкевича, 16, с.Лука, Золочівський р-н, Львівська обл., 80746","192","67","190","12","113","12","125","","0","113","12","125","6","119","30","0","2","0","1","30","2","0","2","39","4","9","29.10.12"
"460604","123","Львівська область","школа, спортивний зал
вул.Скалецьких, 2, с.Червоне, Золочівський р-н, Львівська обл., 80733","1284","461","1282","57","768","55","823","","0","768","55","823","18","805","368","9","5","1","6","132","14","3","3","133","27","104","29.10.12"
"460605","123","Львівська область","Народний дім, актова зала
вул.Центральна, 1, с.Шпиколоси, Золочівський р-н, Львівська обл., 80756","570","153","569","47","370","47","417","","0","370","47","417","7","410","175","0","3","0","3","142","2","1","2","41","17","24","29.10.12"
"460606","123","Львівська область","школа, актова зала
вул.Миру, 2, с.Ясенівці, Золочівський р-н, Львівська обл., 80750","1302","415","1277","35","854","33","887","","0","854","33","887","10","877","316","6","3","1","2","212","4","0","3","74","35","221","29.10.12"
"460607","123","Львівська область","Народний дім, актова зала
вул.Головна, 32В, с.Бонишин, Золочівський р-н, Львівська обл., 80750","126","29","133","1","96","1","97","","0","96","1","97","3","94","31","0","1","1","0","19","0","0","0","18","0","24","29.10.12"
"460608","123","Львівська область","Народний дім, актова зала
вул.Л.Українки, 27, с.Залісся, Золочівський р-н, Львівська обл., 80750","222","63","219","14","146","13","159","","0","146","13","159","2","157","51","1","0","1","0","36","3","0","2","20","4","39","29.10.12"
"460609","123","Львівська область","Народний дім, актова зала
вул.Головна, 51, с.Хильчиці, Золочівський р-н, Львівська обл., 80714","216","71","211","9","136","9","145","","0","136","9","145","3","142","34","2","2","1","0","51","0","0","2","5","5","40","29.10.12"
"460610","123","Львівська область","Грушківський психоневрологічний інтернат, актова зала
вул.Будинкова, 30, с.Якторів, Золочівський р-н, Львівська обл., 80735","96","55","90","1","40","1","41","","0","40","1","41","10","31","19","0","2","1","1","4","2","0","0","0","1","1","01.11.12"
"460611","123","Львівська область","Золочівська центральна районна лікарня, фізкабінет
вул.Ак.Павлова, 48, м.Золочів, Золочівський р-н, Львівська обл., 80700","102","51","53","33","20","31","51","","0","20","31","51","0","51","17","1","2","0","0","11","1","6","0","3","4","6","29.10.12"
"460612","123","Львівська область","Військовий госпіталь в/ч 3080, актова зала
вул.Січових Стрільців, 2, м.Золочів, Золочівський р-н, Львівська обл., 80700","24","4","23","0","20","0","20","","0","20","0","20","1","19","4","0","1","1","0","2","2","0","0","3","1","5","29.10.12"
"460613","123","Львівська область","Стаціонарне відділення для постійного та тимчасового проживання одиноких непрацездатних громадян
вул.Зелена, 35, с.Новоселище, Золочівський р-н, Львівська обл., 80745","54","3","52","12","39","12","51","","0","39","12","51","2","49","18","1","0","0","0","19","0","1","0","10","0","0","01.11.12"
"460680","123","Львівська область","народний дім, зал
вул.Івана Франка, 26, с.Добряни, Миколаївський р-н, Львівська обл., 81610","276","62","276","19","196","18","214","","0","196","18","214","6","208","12","0","3","4","6","61","15","2","1","32","20","52","29.10.12"
"460681","123","Львівська область","народний дім, зал
вул.Шевченка, 18, с.Тернопілля, Миколаївський р-н, Львівська обл., 81610","366","96","365","16","254","16","270","","0","254","16","270","6","264","23","2","6","3","1","144","7","1","5","18","7","47","29.10.12"
"460682","123","Львівська область","колишнє приміщення ТзОВ ""Нива"", актовий зал
вул.Шевченка, 21, с.Красів, Миколаївський р-н, Львівська обл., 81611","318","72","311","33","215","31","246","","0","215","31","246","5","241","33","0","18","0","1","63","12","9","5","9","11","80","29.10.12"
"460683","123","Львівська область","народний дім, фойє
вул.Стрілецька, 81, с.Поляна, Миколаївський р-н, Львівська обл., 81611","258","90","254","21","147","21","168","","0","147","21","168","6","162","17","0","6","2","2","26","7","4","1","30","10","57","29.10.12"
"460684","123","Львівська область","народний дім, зал
вул.Шевченка, 11, с.Луб’яна, Миколаївський р-н, Львівська обл., 81612","150","35","147","16","99","16","115","","0","99","16","115","0","115","55","0","2","1","0","16","3","2","1","5","7","23","28.10.12"
"460685","123","Львівська область","народний дім, зал
вул.Зарічна, 6, с.Бродки, Миколаївський р-н, Львівська обл., 81612","330","82","324","40","214","34","248","","0","214","34","248","2","246","37","3","7","1","3","110","16","6","0","6","17","40","29.10.12"
"460686","123","Львівська область","народний дім, зал
вул.Джерельна, 14, с.Глухівець, Миколаївський р-н, Львівська обл., 81612","102","22","104","6","74","6","80","","0","74","6","80","3","77","24","0","1","0","4","24","4","0","1","12","2","5","28.10.12"
"460687","123","Львівська область","народний дім, зал
вул.Івана Франка, 78, с.Тростянець, Миколаївський р-н, Львівська обл., 81612","462","116","457","31","316","30","346","","0","316","30","346","7","339","61","1","4","0","2","106","23","4","2","22","17","97","28.10.12"
"460688","123","Львівська область","народний дім, зал
вул.Центральна, 38, с.Суха Долина, Миколаївський р-н, Львівська обл., 81612","162","30","161","22","110","22","132","","0","110","22","132","2","130","30","0","1","0","0","29","10","0","0","15","10","35","01.11.12"
"460689","123","Львівська область","сільська рада, зал
вул.Шевченка, 35, с.Велика Горожанна, Миколаївський р-н, Львівська обл., 81620","840","226","833","77","544","70","614","","0","544","70","614","19","595","174","2","12","4","5","168","13","21","2","75","24","95","29.10.12"
"460690","123","Львівська область","народний дім, зал
вул.Лесі Українки, 6, с.Ричагів, Миколаївський р-н, Львівська обл., 81623","408","87","414","23","298","23","321","","0","298","23","321","5","316","40","1","8","1","3","150","10","6","3","15","31","48","29.10.12"
"460691","123","Львівська область","народний дім, зал
вул.Шевченка, 4, с.Кагуїв, Миколаївський р-н, Львівська обл., 81630","252","47","254","14","192","13","205","","0","192","13","205","5","200","39","0","6","4","1","65","4","2","2","12","11","54","29.10.12"
"460692","123","Львівська область","школа, спортзал
вул.24 Серпня, 5, с.Вербіж, Миколаївський р-н, Львівська обл., 81630","594","149","586","48","403","42","445","","0","403","42","445","11","434","70","1","1","0","5","196","12","2","0","60","15","72","29.10.12"
"460693","123","Львівська область","народний дім, зал
вул.Шевченка, 7, с.Гонятичі, Миколаївський р-н, Львівська обл., 81630","132","21","133","7","104","7","111","","0","104","7","111","1","110","20","0","2","3","1","37","4","1","0","19","1","22","01.11.12"
"460694","123","Львівська область","школа, спортзал
вул.Шкільна, 43, с.Демня, Миколаївський р-н, Львівська обл., 81613","1200","341","1190","44","816","43","859","","0","816","43","859","13","846","168","5","9","7","7","280","41","12","7","31","45","234","29.10.12"
"460695","123","Львівська область","народний дім, зал
вул.Шевченка, 141, с.Новосілки-Опарські, Миколаївський р-н, Львівська обл., 81621","732","203","726","49","482","47","529","","0","482","47","529","7","522","157","3","6","4","5","148","12","10","0","32","19","126","29.10.12"
"460696","123","Львівська область","народний дім, зал
вул.Тиха, 1, с.Мала Горожанна, Миколаївський р-н, Львівська обл., 81622","480","107","478","46","327","46","373","","0","327","46","373","8","365","93","1","6","3","4","110","10","3","0","8","21","106","29.10.12"
"460697","123","Львівська область","громадська будівля, коридор
вул.Івана Франка, 12, с.Сайків, Миколаївський р-н, Львівська обл., 81623","96","23","100","6","68","5","73","","0","68","5","73","2","71","22","0","7","0","0","12","2","5","0","2","2","19","29.10.12"
"460698","123","Львівська область","школа, спортзал
вул.Шкільна, 3, с.Дроговиж, Миколаївський р-н, Львівська обл., 81632","1668","466","1654","59","1149","53","1202","","0","1149","53","1202","20","1182","235","0","2","2","6","291","64","16","1","55","53","457","29.10.12"
"460699","123","Львівська область","школа, спортзал
вул.Шевченка, 7, с.Устя, Миколаївський р-н, Львівська обл., 81633","882","187","878","16","679","16","695","","0","679","16","695","11","684","153","2","14","4","3","119","14","4","3","19","14","335","28.10.12"
"460700","123","Львівська область","народний дім, малий актовий зал
вул.Стуса, 5А, с.Заклад, Миколаївський р-н, Львівська обл., 81606","222","58","221","6","161","3","164","","0","161","3","164","1","163","20","0","20","1","2","38","1","3","4","5","3","66","29.10.12"
"460701","123","Львівська область","школа №1, актовий зал
вул.Львівська, 15, м.Миколаїв, Миколаївський р-н, Львівська обл., 81600","2220","784","2191","28","1417","19","1436","","0","1417","19","1436","28","1408","185","3","11","0","5","354","103","20","10","69","57","591","29.10.12"
"460702","123","Львівська область","гімназія, спортзал
пл.Ринок, 23, м.Миколаїв, Миколаївський р-н, Львівська обл., 81600","2160","722","2136","33","1410","28","1438","","0","1410","28","1438","14","1424","159","1","23","2","4","362","68","28","9","60","31","677","29.10.12"
"460703","123","Львівська область","школа мистецтв, актовий зал
пл.Ринок, 24, м.Миколаїв, Миколаївський р-н, Львівська обл., 81600","2040","727","2023","28","1292","21","1313","","0","1292","21","1313","24","1289","184","9","15","1","4","363","56","35","3","52","47","520","29.10.12"
"460704","123","Львівська область","палац культури, 1-й поверх, малий актовий зал
майдан Незалежності, 4, м.Миколаїв, Миколаївський р-н, Львівська обл., 81600","1656","663","1643","20","977","16","993","","0","977","16","993","12","981","123","7","26","2","1","275","96","34","2","56","48","311","29.10.12"
"460705","123","Львівська область","палац культури, 2-й поверх, виставковий зал
майдан Незалежності, 4, м.Миколаїв, Миколаївський р-н, Львівська обл., 81600","1572","649","1558","20","912","11","923","","0","912","11","923","12","911","141","6","27","2","1","261","96","16","3","52","50","256","29.10.12"
"460706","123","Львівська область","школа №2, спортзал
вул.Мазепи, 15, м.Миколаїв, Миколаївський р-н, Львівська обл., 81600","1902","713","1874","20","1173","16","1189","","0","1173","16","1189","18","1171","176","6","27","3","4","330","114","26","2","57","60","366","29.10.12"
"460707","123","Львівська область","народний дім, фойє
вул.Шевченка, 20, с-ще Липівка, Миколаївський р-н, Львівська обл., 81605","768","324","761","0","444","0","444","","0","444","0","444","9","435","61","22","48","1","2","117","29","11","7","20","53","64","28.10.12"
"460708","123","Львівська область","приватний будинок, к.1
вул.Шевченка, 8, с.Мала Воля, Миколаївський р-н, Львівська обл., 81615","60","15","57","2","43","2","45","","0","43","2","45","3","42","9","0","1","1","2","7","4","1","0","7","2","8","01.11.12"
"460709","123","Львівська область","ФАП, коридор
вул.Зелена, 63, с.Велика Воля, Миколаївський р-н, Львівська обл., 81615","222","56","222","5","161","5","166","","0","161","5","166","4","162","49","2","4","0","0","36","4","2","1","16","2","46","29.10.12"
"460710","123","Львівська область","народний дім, зал
вул.Шевченка, 129, с.Стільсько, Миколаївський р-н, Львівська обл., 81615","648","223","638","41","384","41","425","","0","384","41","425","14","411","80","0","2","0","2","89","104","3","1","31","7","92","29.10.12"
"460711","123","Львівська область","народний дім, зал
вул.Роздільська, 7, с.Дуброва, Миколаївський р-н, Львівська обл., 81615","330","101","323","8","221","8","229","","0","221","8","229","3","226","55","0","0","0","0","59","16","8","0","20","3","65","01.11.12"
"460712","123","Львівська область","народний дім, зал
вул.Дубова, 70, с.Ілів, Миколаївський р-н, Львівська обл., 81615","216","73","212","16","127","16","143","","0","127","16","143","4","139","28","0","0","0","1","38","4","3","0","21","2","42","01.11.12"
"460713","123","Львівська область","народний дім, зал
вул.Б.Хмельницького, 8, с.Повергів, Миколаївський р-н, Львівська обл., 81624","174","56","173","27","95","23","118","","0","95","23","118","5","113","33","3","10","0","0","19","4","14","1","10","6","13","29.10.12"
"460714","123","Львівська область","народний дім, зал
вул.Івана Франка, 24, с.Колодруби, Миколаївський р-н, Львівська обл., 81624","612","164","609","41","412","36","448","","0","412","36","448","9","439","81","1","7","3","3","104","11","33","2","65","18","111","28.10.12"
"460715","123","Львівська область","народний дім, зал
вул.Гірська, 26, с.Липиці, Миколаївський р-н, Львівська обл., 81625","192","44","186","16","132","16","148","","0","132","16","148","0","148","43","0","4","0","0","28","2","22","0","19","4","26","29.10.12"
"460716","123","Львівська область","народний дім, зал
вул.Козловського, 17, с.Гірське, Миколаївський р-н, Львівська обл., 81625","2292","719","2284","71","1507","66","1573","","0","1507","66","1573","33","1540","253","4","9","5","15","490","41","336","3","90","60","234","29.10.12"
"460717","123","Львівська область","навчальновиховний комплекс, спортзал
вул.Шевченка, 24, с.Раделичі, Миколаївський р-н, Львівська обл., 81626","894","251","884","45","604","39","643","","0","604","39","643","20","623","220","3","8","4","5","160","5","59","4","26","15","114","29.10.12"
"460718","123","Львівська область","народний дім, зал
вул.Біласа і Данилишина, 147, с.Розвадів, Миколаївський р-н, Львівська обл., 81634","2436","647","2421","60","1733","56","1789","","0","1733","56","1789","35","1754","239","1","13","8","12","658","51","32","6","40","59","635","29.10.12"
"460719","123","Львівська область","сільська рада, фойє
вул.Коновальця, 14, с.Верин, Миколаївський р-н, Львівська обл., 81635","1254","354","1243","19","882","18","900","","0","882","18","900","14","886","148","3","4","4","3","295","16","8","3","22","31","349","28.10.12"
"460720","123","Львівська область","народний дім, зал
вул.Івана Франка, народний дім, с.Надітичі, Миколаївський р-н, Львівська обл., 81640","372","81","370","8","283","8","291","","0","283","8","291","2","289","47","0","8","0","0","38","4","3","1","15","12","161","28.10.12"
"460721","123","Львівська область","сільська рада, зал урочистих подій
вул.Шевченка, 114, с.Пісочна, Миколаївський р-н, Львівська обл., 81640","1962","642","1946","41","1282","38","1320","","0","1282","38","1320","15","1305","229","3","18","9","6","328","28","24","7","39","56","558","29.10.12"
"460722","123","Львівська область","народний дім, зал
майдан УСС, 2, с.Черниця, Миколаївський р-н, Львівська обл., 81641","738","247","730","23","468","23","491","","0","468","23","491","5","486","92","1","8","4","6","114","4","3","1","39","13","201","29.10.12"
"460723","123","Львівська область","народний дім, зал
вул.В.Великого, 62, с.Крупське, Миколаївський р-н, Львівська обл., 81636","1098","364","1087","31","707","27","734","","0","707","27","734","11","723","182","1","3","7","2","300","15","7","3","15","31","157","29.10.12"
"460724","123","Львівська область","народний дім, зал
вул.Лісна, 5, смт Розділ, Миколаївський р-н, Львівська обл., 81650","2148","719","2137","81","1360","69","1429","","0","1360","69","1429","25","1404","243","6","17","4","11","335","29","11","9","90","110","539","29.10.12"
"460725","123","Львівська область","школа, спортзал
вул.Січових Стрільців, 94, с.Березина, Миколаївський р-н, Львівська обл., 81616","1524","579","1507","36","910","35","945","","0","910","35","945","20","925","156","4","8","5","4","372","24","7","5","29","43","268","29.10.12"
"460726","123","Львівська область","народний дім, зал
вул.Дрогобицька, 105, с.Криниця, Миколаївський р-н, Львівська обл., 81643","756","260","755","40","461","35","496","","0","461","35","496","19","477","148","0","14","3","3","144","11","22","13","72","16","31","29.10.12"
"460727","123","Львівська область","навчальновиховний комплекс, спортзал
вул.Івана Франка, 14, с.Більче, Миколаївський р-н, Львівська обл., 81644","1170","338","1160","67","768","64","832","","0","768","64","832","15","817","319","3","20","5","5","155","17","25","5","36","43","184","29.10.12"
"460728","123","Львівська область","народний дім, зал
вул.Б.Хмельницького, 51, с.Болоня, Миколаївський р-н, Львівська обл., 81644","228","65","223","7","158","5","163","","0","158","5","163","7","156","39","0","0","0","0","25","0","4","6","18","6","58","28.10.12"
"460729","123","Львівська область","народний дім, зал
вул.Рибгоспна, 4, с.Рудники, Миколаївський р-н, Львівська обл., 81642","2412","842","2393","72","1503","67","1570","","0","1503","67","1570","30","1540","257","2","82","6","8","551","27","29","10","98","45","425","29.10.12"
"460730","123","Львівська область","народний дім, фойє
вул.Лесі Українки, 44, с.Держів, Миколаївський р-н, Львівська обл., 81645","990","219","987","56","716","55","771","","0","716","55","771","9","762","218","0","12","1","6","143","17","10","2","6","20","327","29.10.12"
"460731","123","Львівська область","школа, фойє
вул.Шкільна, 5, с.Київець, Миколаївський р-н, Львівська обл., 81646","936","311","927","52","574","51","625","","0","574","51","625","5","620","198","2","10","4","4","127","9","4","3","22","19","218","29.10.12"
"460732","123","Львівська область","сільська рада, зал засідань
вул.Шевченка, 53, с.Горішнє, Миколаївський р-н, Львівська обл., 81656","588","151","576","27","410","27","437","","0","410","27","437","11","426","112","1","9","2","4","158","2","3","1","13","15","106","28.10.12"
"460733","123","Львівська область","народний дім, зал
вул.Шевченка, 12, с.Долішнє, Миколаївський р-н, Львівська обл., 81656","270","70","270","20","181","19","200","","0","181","19","200","3","197","35","0","1","1","1","60","2","0","0","10","5","82","28.10.12"
"460734","123","Львівська область","народний дім, фойє
вул.Травнева, 2, с.Берездівці, Миколаївський р-н, Львівська обл., 81657","1374","442","1351","35","901","31","932","","0","901","31","932","11","921","220","4","11","16","4","352","21","21","6","18","44","204","29.10.12"
"460735","123","Львівська область","народний дім, зал
вул.Шкільна, 2, с.Гранки-Кути, Миколаївський р-н, Львівська обл., 81658","684","208","674","25","452","24","476","","0","452","24","476","12","464","117","0","3","7","2","163","5","1","1","9","14","142","28.10.12"
"460736","123","Львівська область","народний дім, зал
вул.Ходорівська, 7, с.Станківці, Миколаївський р-н, Львівська обл., 81659","510","133","499","23","354","23","377","","0","354","23","377","4","373","70","0","7","1","5","203","7","3","3","6","31","37","28.10.12"
"460737","123","Львівська область","народний дім, зал
вул.Заводська, 21, с.Підгірці, Миколаївський р-н, Львівська обл., 81659","186","48","191","10","130","8","138","","0","130","8","138","3","135","13","0","3","1","1","53","0","1","0","11","5","47","29.10.12"
"460738","123","Львівська область","народний дім, зал
вул.Наддністрянська, 1, с.Тужанівці, Миколаївський р-н, Львівська обл., 81659","312","78","305","16","218","16","234","","0","218","16","234","2","232","36","0","16","0","0","112","3","2","1","1","3","58","28.10.12"
"460739","123","Львівська область","районна лікарня, п.5
вул.Федьковича, 1, с.Дроговиж, Миколаївський р-н, Львівська обл., 81632","264","236","36","14","16","12","28","","0","16","12","28","0","28","1","0","0","0","0","6","1","0","0","0","2","18","29.10.12"
"460740","123","Львівська область","психіатрична лікарня, актовий зал
вул.Січинського, 1, с.Заклад, Миколаївський р-н, Львівська обл., 81606","504","364","447","0","140","0","140","","0","140","0","140","38","102","23","6","10","6","4","11","5","4","2","7","5","19","29.10.12"
"460741","123","Львівська область","Миколаївська ВК-50, адміністративний корпус
вул.Стуса, 2, с.Заклад, Миколаївський р-н, Львівська обл., 81606","534","17","519","0","517","0","517","","0","517","0","517","64","453","23","7","15","14","14","10","23","8","16","292","20","11","29.10.12"
"460742","123","Львівська область","Держівська ВК-110, навчальний центр
вул.Лесі Українки, 170, с.Держів, Миколаївський р-н, Львівська обл., 81645","348","4","378","0","344","0","344","","0","344","0","344","41","303","17","7","8","2","4","17","4","2","6","207","21","8","28.10.12"
"460831","123","Львівська область","фойє 1-й поверх
вул.Т.Г.Шевченка, 20, с.Лагодів, Перемишлянський р-н, Львівська обл., 81212","492","159","481","42","296","37","333","","0","296","37","333","11","322","83","1","5","1","6","50","2","0","1","56","13","104","29.10.12"
"460832","123","Львівська область","Народний Дім, актовий зал
вул.Стрімка, 19, с.Під’ярків, Перемишлянський р-н, Львівська обл., 81213","312","67","308","32","215","30","245","","0","215","30","245","5","240","28","1","6","0","4","111","4","1","10","49","5","21","29.10.12"
"460833","123","Львівська область","Народний Дім, актовий зал
вул.Центральна, 3, с.Романів, Перемишлянський р-н, Львівська обл., 81213","624","142","614","41","443","39","482","","0","443","39","482","12","470","93","2","1","0","4","122","1","1","3","130","40","73","29.10.12"
"460834","123","Львівська область","Народний Дім, актовий зал
вул.Центральна, 6, с.Селиська, Перемишлянський р-н, Львівська обл., 81213","228","50","227","25","154","24","178","","0","154","24","178","6","172","37","0","3","1","7","65","1","1","1","46","3","7","29.10.12"
"460835","123","Львівська область","Народний Дім, актовий зал
вул.Центральна, 1, с.Підгородище, Перемишлянський р-н, Львівська обл., 81214","492","103","489","35","355","34","389","","0","355","34","389","3","386","200","0","0","0","5","68","0","0","1","58","2","52","29.10.12"
"460836","123","Львівська область","Народний Дім, актовий зал
вул.П.Колодія, 52А, с.Станимир, Перемишлянський р-н, Львівська обл., 81210","516","105","514","41","371","40","411","","0","371","40","411","9","402","97","2","3","2","6","147","4","0","0","57","10","74","29.10.12"
"460837","123","Львівська область","Народний Дім, актовий зал
вул.Г.Кузневича, 38, с.Ганачівка, Перемишлянський р-н, Львівська обл., 81211","342","73","342","31","239","30","269","","0","239","30","269","5","264","79","2","4","0","3","33","0","1","4","109","14","15","29.10.12"
"460838","123","Львівська область","Народний Дім, актовий зал
вул.о.Горчинського, 28, с.Лоні, Перемишлянський р-н, Львівська обл., 81230","180","56","178","26","99","25","124","","0","99","25","124","6","118","16","0","7","0","3","43","2","0","1","6","4","36","29.10.12"
"460839","123","Львівська область","Народний Дім, актовий зал
вул.Миру, 10, с.Липівці, Перемишлянський р-н, Львівська обл., 81230","780","282","773","79","425","73","498","","0","425","73","498","12","486","90","2","13","4","6","176","7","6","3","127","25","27","29.10.12"
"460840","123","Львівська область","Народний Дім, актовий зал
вул.Центральна, 4, с.Вишнівчик, Перемишлянський р-н, Львівська обл., 81231","312","108","303","51","160","44","204","","0","160","44","204","8","196","91","1","1","1","1","42","0","1","1","42","11","4","29.10.12"
"460841","123","Львівська область","школа, фойє
вул.Миру, 39Б, с.Плеників, Перемишлянський р-н, Львівська обл., 81231","144","52","142","22","74","18","92","","0","74","18","92","3","89","13","0","3","1","4","35","1","1","0","26","4","1","01.11.12"
"460842","123","Львівська область","Народний Дім, актовий зал
вул.Садова, 4Г, с.Затемне, Перемишлянський р-н, Львівська обл., 81215","96","15","101","8","73","8","81","","0","73","8","81","1","80","29","1","2","0","1","14","0","0","1","15","7","10","01.11.12"
"460843","123","Львівська область","Народний Дім, актовий зал
вул.Центральна, 85, с.Унів, Перемишлянський р-н, Львівська обл., 81215","378","98","379","25","255","25","280","","0","255","25","280","8","272","80","1","3","2","7","74","1","1","5","19","30","49","29.10.12"
"460844","123","Львівська область","Народний Дім, актовий зал
вул.Весела, 14А, с.Сивороги, Перемишлянський р-н, Львівська обл., 81215","114","34","117","4","77","3","80","","0","77","3","80","2","78","19","1","1","0","0","28","0","2","1","16","7","3","29.10.12"
"460845","123","Львівська область","Народний Дім, актовий зал
вул.Центральна, 83, с.Коросне, Перемишлянський р-н, Львівська обл., 81215","816","230","803","33","554","32","586","","0","554","32","586","9","577","96","1","6","1","4","170","5","2","6","116","42","128","29.10.12"
"460846","123","Львівська область","Народний Дім, актовий зал
вул.Зелена, 59А, с.Підмонастир, Перемишлянський р-н, Львівська обл., 81228","282","77","288","5","200","5","205","","0","200","5","205","6","199","59","1","5","2","0","52","2","2","5","42","11","18","29.10.12"
"460847","123","Львівська область","Народний Дім, актовий зал
вул.Шевченка Т., 30, с.Волощина, Перемишлянський р-н, Львівська обл., 81229","486","167","480","16","303","16","319","","0","303","16","319","7","312","54","0","2","3","1","65","2","1","5","136","16","27","29.10.12"
"460848","123","Львівська область","школа, спортзал, 1-й поверх
вул.Шкільна, 1, с.Великі Глібовичі, Перемишлянський р-н, Львівська обл., 81228","768","222","759","48","499","47","546","","0","499","47","546","10","536","184","3","3","1","6","195","0","3","8","97","9","27","28.10.12"
"460849","123","Львівська область","початкова школа, фойє
вул.Шевченка, 128А, с.Великі Глібовичі, Перемишлянський р-н, Львівська обл., 81228","720","218","714","47","456","46","502","","0","456","46","502","10","492","212","1","1","1","6","154","2","1","3","72","17","22","28.10.12"
"460850","123","Львівська область","школа, фойє, 1-й поверх
вул.Львівська, 67, с.Шпильчина, Перемишлянський р-н, Львівська обл., 81222","420","109","420","29","283","28","311","","0","282","28","310","2","308","62","0","3","0","1","53","1","0","16","99","18","55","01.11.12"
"460851","123","Львівська область","Будинок школяра, актовий зал
вул.Грушевського, 21, м.Бібрка, Перемишлянський р-н, Львівська обл., 81220","1686","664","1646","49","976","46","1022","","0","976","46","1022","18","1004","140","3","6","6","14","205","3","0","2","304","34","287","29.10.12"
"460852","123","Львівська область","дитячий садок, актовий зал, 2-й поверх
вул.Уляни Кравченко, 17, м.Бібрка, Перемишлянський р-н, Львівська обл., 81220","1662","568","1629","21","1074","20","1094","","0","1074","20","1094","21","1073","135","2","9","3","7","250","1","2","4","278","46","336","29.10.12"
"460853","123","Львівська область","школа, фойє
вул.Шевченка, 40, с.Волове, Перемишлянський р-н, Львівська обл., 81223","228","74","232","14","144","10","154","","0","144","10","154","6","148","8","0","1","1","2","38","1","0","1","86","2","8","29.10.12"
"460854","123","Львівська область","Народний Дім, актовий зал
вул.Галицька, 1, с.Стрілки, Перемишлянський р-н, Львівська обл., 81223","426","125","430","40","261","40","301","","0","261","40","301","4","297","28","0","2","0","1","79","1","0","8","110","15","53","29.10.12"
"460855","123","Львівська область","Народний Дім, актовий зал
вул.Івана Франка, 4, с.Стоки, Перемишлянський р-н, Львівська обл., 81223","414","122","415","24","268","24","292","","0","268","24","292","8","284","38","3","7","1","2","71","1","0","1","97","12","51","29.10.12"
"460856","123","Львівська область","школа, спортзал, 1-й поверх
вул.Івана Франка, 85А, с.Малі Ланки, Перемишлянський р-н, Львівська обл., 81223","462","113","462","18","333","16","349","","0","333","16","349","3","346","65","0","2","1","7","91","5","1","9","96","13","56","29.10.12"
"460857","123","Львівська область","Народний Дім, актовий зал
вул.Галицька, 16А, с.Вілявче, Перемишлянський р-н, Львівська обл., 81223","126","40","135","10","78","8","86","","0","78","8","86","4","82","3","0","1","0","1","35","0","0","0","20","2","20","29.10.12"
"460858","123","Львівська область","Народний Дім, актовий зал
вул.Село, 21, с.Копань, Перемишлянський р-н, Львівська обл., 81225","102","26","112","19","60","16","76","","0","60","16","76","0","76","10","0","0","4","0","22","1","0","1","29","2","7","29.10.12"
"460859","123","Львівська область","Народний Дім, актовий зал
вул.Перша, 82, с.Свірж, Перемишлянський р-н, Львівська обл., 81225","594","139","588","57","404","51","455","","0","404","51","455","6","449","91","2","6","4","7","108","4","1","4","80","24","118","28.10.12"
"460860","123","Львівська область","Народний Дім, актовий зал
вул.Гора, 64, с.Глібовичі, Перемишлянський р-н, Львівська обл., 81226","534","159","526","94","281","94","375","","0","281","94","375","9","366","126","0","3","2","9","64","10","1","3","110","14","24","29.10.12"
"460861","123","Львівська область","Народний Дім, актовий зал
вул.Галицька, 80А, с.Кимир, Перемишлянський р-н, Львівська обл., 81240","270","59","271","13","198","13","211","","0","198","13","211","5","206","48","1","1","1","7","59","1","1","2","43","3","39","28.10.12"
"460862","123","Львівська область","школа, фойє
вул.Шкільна, 2, с.Чуперносів, Перемишлянський р-н, Львівська обл., 81240","228","89","230","6","134","5","139","","0","134","5","139","0","139","13","0","1","0","3","49","0","0","7","53","3","10","29.10.12"
"460863","123","Львівська область","Народний Дім, актовий зал
вул.Джерельна, 1А, с.Неділиська, Перемишлянський р-н, Львівська обл., 81240","192","63","190","11","120","9","129","","0","120","9","129","4","125","38","0","3","0","1","32","12","2","1","30","5","1","29.10.12"
"460864","123","Львівська область","Адмінбудинок сільської ради, актовий зал
вул.Шевченка, 16, с.Ушковичі, Перемишлянський р-н, Львівська обл., 81240","438","102","437","40","297","39","336","","0","297","39","336","5","331","53","2","4","2","3","127","2","1","10","77","21","29","29.10.12"
"460865","123","Львівська область","Народний Дім, фойє, 2-й поверх
вул.Привокзальна, 1, м.Перемишляни, Перемишлянський р-н, Львівська обл., 81200","1836","657","1821","25","1160","19","1179","","0","1160","19","1179","16","1163","138","16","13","2","16","503","5","1","8","202","66","193","29.10.12"
"460866","123","Львівська область","школа №2, спортзал, 1-й поверх
вул.Галицька, 32, м.Перемишляни, Перемишлянський р-н, Львівська обл., 81200","1992","637","1966","47","1313","42","1355","","0","1313","42","1355","31","1324","151","12","10","6","18","656","9","5","18","157","63","219","29.10.12"
"460867","123","Львівська область","Центр дозвілля молоді, фойє
вул.Галицька, 71, м.Перемишляни, Перемишлянський р-н, Львівська обл., 81200","1572","522","1555","36","1016","34","1050","","0","1016","34","1050","29","1021","98","4","12","3","20","506","17","10","11","109","55","176","29.10.12"
"460868","123","Львівська область","школа, актовий зал, 1-й поверх
вул.Отця Боднара, 87, с.Борщів, Перемишлянський р-н, Львівська обл., 81232","1080","422","1066","69","589","69","658","","0","589","69","658","21","637","76","3","8","3","30","294","6","2","5","101","32","77","29.10.12"
"460869","123","Львівська область","школа, фойє
вул.Шевченка, 12, с.Виписки, Перемишлянський р-н, Львівська обл., 81232","306","97","307","25","184","25","209","","0","184","25","209","6","203","24","1","4","0","7","102","3","1","0","40","12","9","01.11.12"
"460870","123","Львівська область","Народний Дім, актовий зал
вул.Коновальця, 9, с.Ладанці, Перемишлянський р-н, Львівська обл., 81232","318","108","316","24","187","23","210","","0","187","23","210","7","203","24","0","6","0","1","87","4","0","2","58","15","6","29.10.12"
"460871","123","Львівська область","Народний Дім, актовий зал
вул.Івана Франка, 29, с.Пнятин, Перемишлянський р-н, Львівська обл., 81232","126","31","125","9","86","9","95","","0","86","9","95","0","95","30","0","3","1","1","38","1","0","1","14","3","3","28.10.12"
"460872","123","Львівська область","Народний Дім, актовий зал
вул.Центр, 7, с.Чемеринці, Перемишлянський р-н, Львівська обл., 81233","732","257","725","150","345","130","475","","0","345","130","475","13","462","138","6","7","1","34","145","4","5","3","96","9","14","01.11.12"
"460873","123","Львівська область","Народний Дім, актовий зал
вул.Підлісна, 2, с.Смереківка, Перемишлянський р-н, Львівська обл., 81234","186","58","182","22","108","20","128","","0","108","20","128","0","128","63","0","1","0","18","16","0","0","0","29","0","1","29.10.12"
"460874","123","Львівська область","Народний Дім, актовий зал
вул.Перемоги, 7А, с.Дунаїв, Перемишлянський р-н, Львівська обл., 81234","528","162","521","67","307","59","366","","0","307","59","366","12","354","87","2","2","0","131","49","1","0","1","42","8","31","28.10.12"
"460875","123","Львівська область","Народний Дім, актовий зал
вул.Лесі Українки, 13А, с.Лопушна, Перемишлянський р-н, Львівська обл., 81227","174","32","169","36","109","33","142","","0","109","33","142","2","140","6","0","1","0","1","25","0","0","2","89","5","11","29.10.12"
"460876","123","Львівська область","школа, фойє
вул.Івана Габрусевича, 2, с.Вільховець, Перемишлянський р-н, Львівська обл., 81227","252","33","254","18","201","18","219","","0","201","18","219","3","216","7","0","0","0","0","1","0","1","0","206","0","1","29.10.12"
"460877","123","Львівська область","Народний Дім, актовий зал
вул.Тараса Шевченка, 1, с.Суходіл, Перемишлянський р-н, Львівська обл., 81227","366","97","363","15","256","13","269","","0","256","13","269","5","264","46","0","2","1","2","31","1","0","5","156","6","14","28.10.12"
"460878","123","Львівська область","Адмінбудинок сільської ради, актовий зал
вул.Шевченка, 82, с.Лани, Перемишлянський р-н, Львівська обл., 81250","624","174","627","63","390","60","450","","0","390","60","450","5","445","42","1","1","4","3","114","0","2","1","221","11","45","29.10.12"
"460879","123","Львівська область","школа, фойє
вул.Зелена, 64, с.Сірники, Перемишлянський р-н, Львівська обл., 81250","312","112","313","27","175","25","200","","0","175","25","200","2","198","16","0","7","7","2","33","0","0","8","64","16","45","28.10.12"
"460880","123","Львівська область","Народний Дім, актовий зал
вул.Шевченка, 23, с.Любешка, Перемишлянський р-н, Львівська обл., 81251","480","120","478","55","305","55","360","","0","305","55","360","1","359","117","1","0","0","2","64","1","3","2","141","7","21","29.10.12"
"460881","123","Львівська область","Народний Дім, актовий зал
вул.Підгірна, 12А, с.Розсохи, Перемишлянський р-н, Львівська обл., 81243","246","63","244","19","164","19","183","","0","164","19","183","3","180","53","3","17","1","1","61","3","1","0","35","4","1","29.10.12"
"460882","123","Львівська область","Адмінбудинок сільської ради, актовий зал
вул.Центральна бічна, 1А, с.Осталовичі, Перемишлянський р-н, Львівська обл., 81243","582","174","573","46","362","46","408","","0","362","46","408","9","399","139","0","1","0","0","184","2","0","5","55","10","3","01.11.12"
"460883","123","Львівська область","школа, фойє
вул.Шкільна, 6, с.Утіховичі, Перемишлянський р-н, Львівська обл., 81243","174","40","174","31","103","31","134","","0","103","31","134","1","133","40","0","0","3","0","58","0","0","4","26","1","1","29.10.12"
"460884","123","Львівська область","Народний Дім, актовий зал
вул.Івана Франка, 54, с.Мерещів, Перемишлянський р-н, Львівська обл., 81242","468","117","463","49","302","49","351","","0","302","49","351","12","339","104","0","4","0","2","134","0","1","5","54","11","24","29.10.12"
"460885","123","Львівська область","Народний Дім, актовий зал
вул.Зелена, 47, с.Вовків, Перемишлянський р-н, Львівська обл., 81241","390","103","379","52","238","49","287","","0","238","49","287","4","283","85","1","6","0","1","117","0","0","1","46","5","21","30.10.12"
"460886","123","Львівська область","школа, фойє
вул.Шкільна, 1, с.Плетеничі, Перемишлянський р-н, Львівська обл., 81241","138","49","141","12","77","12","89","","0","77","12","89","4","85","24","1","2","0","0","43","1","0","0","10","2","2","29.10.12"
"460887","123","Львівська область","Народний Дім, актовий зал
вул.Зелена, 26, с.Малий Полюхів, Перемишлянський р-н, Львівська обл., 81241","102","34","104","13","56","12","68","","0","56","12","68","5","63","4","0","0","0","0","40","0","0","0","16","2","1","29.10.12"
"460888","123","Львівська область","Народний Дім, актовий зал
вул.Батьківщина, 3А, с.Біле, Перемишлянський р-н, Львівська обл., 81235","480","167","473","57","258","55","313","","0","258","55","313","2","311","59","0","8","3","25","105","1","1","0","96","9","4","29.10.12"
"460889","123","Львівська область","Народний Дім, актовий зал
вул.Садова, 58А, с.Новосілки, Перемишлянський р-н, Львівська обл., 81235","270","109","269","29","135","26","161","","0","135","26","161","5","156","38","3","0","0","3","41","5","1","1","41","15","8","28.10.12"
"460890","123","Львівська область","Школа, фойє, 1-ий поверх
вул. Лісна, 1, с.Тучне, Перемишлянський р-н, Львівська обл., 81253","312","84","307","39","192","36","228","","0","192","36","228","3","225","61","0","4","7","1","82","2","1","0","37","4","26","29.10.12"
"460891","123","Львівська область","Адмінбудинок сільської ради, актовий зал
вул.Шевченка, 35, с.Добряничі, Перемишлянський р-н, Львівська обл., 81252","270","66","266","24","180","24","204","","0","180","24","204","2","202","31","0","3","0","0","69","3","0","1","35","6","54","29.10.12"
"460892","123","Львівська область","Народний Дім, актовий зал
вул.Зелена, 20, с.Брюховичі, Перемишлянський р-н, Львівська обл., 81244","516","131","502","38","348","37","385","","0","348","37","385","3","382","35","0","4","1","11","208","2","0","5","65","12","39","01.11.12"
"460893","123","Львівська область","Народний Дім, актовий зал
вул.Галицька, 60А, с.Костенів, Перемишлянський р-н, Львівська обл., 81245","210","50","206","15","148","12","160","","0","148","12","160","4","156","55","2","3","0","0","57","0","0","1","18","7","13","29.10.12"
"460894","123","Львівська область","Народний Дім, актовий зал
вул.Галицька, 40А, с.Білка, Перемишлянський р-н, Львівська обл., 81244","270","88","267","32","153","29","182","","0","153","29","182","5","177","56","1","4","0","3","47","1","0","4","41","9","11","29.10.12"
"460895","123","Львівська область","Народний Дім, актовий зал
вул.Володимира, 80, с.Подусів, Перемишлянський р-н, Львівська обл., 81260","420","135","415","38","248","37","285","","0","248","37","285","7","278","117","1","9","0","3","50","0","0","0","72","14","12","28.10.12"
"460896","123","Львівська область","Народний Дім, актовий зал
вул.Львівська, 79, с.Іванівка, Перемишлянський р-н, Львівська обл., 81262","426","115","420","68","246","65","311","","0","246","65","311","7","304","110","0","1","0","2","46","1","0","1","97","7","39","28.10.12"
"460897","123","Львівська область","адмінбудинок сільської ради, актовий зал
вул.Шевченка, 5А, с.Болотня, Перемишлянський р-н, Львівська обл., 81261","450","164","450","50","239","47","286","","0","239","47","286","6","280","101","2","3","1","5","58","2","0","0","62","13","33","29.10.12"
"460898","123","Львівська область","Народний Дім, актовий зал
вул.Шевченка, 26, с.Прибинь, Перемишлянський р-н, Львівська обл., 81254","84","11","90","15","61","12","73","","0","61","12","73","1","72","13","1","0","0","2","34","0","0","1","10","0","11","29.10.12"
"460899","123","Львівська область","фойє, 1-й поверх
вул.Перемоги, 93, с.Кореличі, Перемишлянський р-н, Львівська обл., 81254","750","290","736","123","341","119","460","","0","341","119","460","6","454","153","0","7","3","1","112","1","2","4","113","14","44","29.10.12"
"460900","123","Львівська область","Народний Дім, актовий зал
вул.Бунта, 4, с.Дусанів, Перемишлянський р-н, Львівська обл., 81263","468","153","459","67","250","65","315","","0","250","65","315","16","299","97","1","7","1","2","42","6","2","1","93","12","35","29.10.12"
"460901","123","Львівська область","Народний Дім, актовий зал
вул.Нова, 18, с.Бачів, Перемишлянський р-н, Львівська обл., 81264","420","111","413","37","274","35","309","","0","274","35","309","11","298","155","2","9","3","2","48","4","2","4","41","8","20","29.10.12"
"460902","123","Львівська область","адмінбудинок сільської ради, актовий зал
вул.Зелена, 19, с.Подусільна, Перемишлянський р-н, Львівська обл., 81261","246","72","244","36","138","36","174","","0","138","36","174","4","170","70","2","2","0","0","58","0","1","0","23","0","14","01.11.12"
"460903","123","Львівська область","центральна районна лікарня, актовий зал, 1-й поверх
вул.Галицька, 8, м.Перемишляни, Перемишлянський р-н, Львівська обл., 81200","54","34","28","25","3","17","20","","0","3","17","20","0","20","7","0","1","0","1","6","0","0","0","2","0","3","28.10.12"
"461746","123","Львівська область","будинок дитячої та юнацької творчості, фойє
вул.Зелена, 18, м.Новий Розділ, Львівська обл., 81652","1464","541","1454","37","889","34","923","","0","889","34","923","22","901","117","4","16","1","1","391","15","8","9","34","48","257","29.10.12"
"461747","123","Львівська область","гуртожиток професійного ліцею, актовий зал
вул.Чорновола, 9, м.Новий Розділ, Львівська обл., 81652","1680","736","1680","26","924","20","944","","0","924","20","944","17","927","148","9","21","2","5","417","16","7","3","32","66","201","29.10.12"
"461748","123","Львівська область","школа №2, фойє, 1-й поверх
просп.Шевченка, 9Б, м.Новий Розділ, Львівська обл., 81652","1608","664","1600","30","924","20","944","","0","924","20","944","21","923","115","5","26","6","6","422","16","6","6","57","83","175","29.10.12"
"461749","123","Львівська область","КУ МКПЦ ""Молодість"", фойє, 1-й поверх
просп.Шевченка, 13, м.Новий Розділ, Львівська обл., 81652","1794","792","1763","25","984","18","1002","","0","984","18","1002","30","972","146","7","49","7","1","426","18","10","8","51","76","173","29.10.12"
"461750","123","Львівська область","школа №3, ліве крило, 1-й поверх
вул.В.Винниченка, 35, м.Новий Розділ, Львівська обл., 81652","1626","692","1610","27","914","20","934","","0","914","20","934","23","911","152","7","33","2","4","380","13","6","2","38","94","180","29.10.12"
"461751","123","Львівська область","школа №3, праве крило, 1-й поверх
вул.В.Винниченка, 35, м.Новий Розділ, Львівська обл., 81652","1530","608","1501","19","909","13","922","","0","909","13","922","25","897","136","2","36","0","1","401","12","0","10","33","72","194","29.10.12"
"461752","123","Львівська область","професійний ліцей будівництва та побуту, фойє, 2-й поверх
вул.Гетьмана Сагайдачного, 15А, м.Новий Розділ, Львівська обл., 81652","1476","715","1494","9","755","6","761","","0","755","6","761","13","748","107","6","23","3","4","327","16","12","10","22","66","152","29.10.12"
"461753","123","Львівська область","політехнічний коледж, актовий зал, 1-й поверх
вул.Героя України Степана Бандери, 8, м.Новий Розділ, Львівська обл., 81652","1560","721","1529","7","835","4","839","","0","835","4","839","17","822","105","7","26","5","7","369","15","2","5","24","55","202","29.10.12"
"461754","123","Львівська область","школа №4, фойє, 2-й поверх
вул.Героя України Степана Бандери, 7, м.Новий Розділ, Львівська обл., 81652","1584","640","1574","18","929","15","944","","0","929","15","944","14","930","111","4","31","4","2","418","23","6","6","27","58","240","29.10.12"
"461755","123","Львівська область","школа №4, ліве крило, 2-й поверх
вул.Героя України Степана Бандери, 7, м.Новий Розділ, Львівська обл., 81652","1614","716","1586","7","892","6","898","","0","892","6","898","18","880","141","2","28","3","3","372","17","6","5","26","72","205","29.10.12"
"461756","123","Львівська область","школа №5, ліве крило, 1-й поверх
просп.Шевченка, 35, м.Новий Розділ, Львівська обл., 81652","1668","746","1647","11","919","3","922","","0","919","3","922","11","911","122","5","21","2","7","448","11","5","5","27","67","191","29.10.12"
"461757","123","Львівська область","школа №5, праве крило, 1-й поверх
просп.Шевченка, 35, м.Новий Розділ, Львівська обл., 81652","1584","650","1563","7","930","4","934","","0","930","4","934","16","918","141","5","20","0","11","429","10","7","4","36","71","184","29.10.12"
"461758","123","Львівська область","міська лікарня, к.15а
вул.В.Винниченка, 37, м.Новий Розділ, Львівська обл., 81652","54","2","94","25","52","0","52","","0","52","0","52","2","50","7","1","3","1","0","28","0","0","0","0","2","8","28.10.12"
